date,strike,union,rent,inflation,wage,layoff,woke,crt,transgender,dei,culture war
2024-06-15,52.483570765056164,48.25109727079254,52.81198257719803,55.944261051035745,52.93182918558376,54.60512932020645,48.967779302702766,49.887887985595654,49.97950312238395,50.28565001241013,47.21499181575325
2024-06-16,49.82507917881912,46.30166759851897,52.98266600286811,48.26925524172823,48.95990257791822,52.76263548558832,13.13063772785966,13.583648432090238,17.112426993748073,15.300293208171876,14.49132288383231
2024-06-17,54.27109103918583,52.68776044644802,52.55247477057259,51.03690458929469,53.91126721830641,56.184249530731584,12.603295072512665,11.028344462737156,12.92942776028382,13.296690329515993,13.144111340928763
2024-06-18,59.163739298737745,61.47805627448522,54.163908425288,57.25372901372061,61.38496066586946,60.51343998696592,10.84909661618565,8.060385282847184,8.724081465165048,9.478864656900189,12.639071488375265
2024-06-19,50.89330593045292,45.20541140653105,52.96401633159373,50.688473062534904,50.995008282829296,53.58915944924886,5.95160928572343,7.935109976616542,5.720216319892095,7.255031438917255,3.39508402720828
2024-06-20,51.408259177377495,51.91915426386468,43.73315402760619,48.85414782643906,48.28271654105591,47.303169901215426,11.756510382575737,12.114651445490127,12.971641636818491,11.585294284719495,11.18289956390866
2024-06-21,60.98911500096,64.08800684241842,58.79457478927101,64.69056669722788,57.28862224912529,61.587570899288735,12.140198770616337,12.649051685469779,14.131516793473741,12.894266446272363,10.906042352195463
2024-06-22,57.443414992745126,56.85857936745825,54.37382845879024,57.24941240277395,52.974502728436796,57.200570374013594,95.85599196739619,94.6124532617298,92.62592822314043,93.96393231469428,93.63561437109135
2024-06-23,51.77099123372319,50.66450054494557,48.68118722100595,50.1042831898794,56.13773368919125,52.007699727156876,13.669512851774371,12.065694442874456,14.176926290757997,14.602404453453984,14.861307768815102
2024-06-24,57.34206483785826,58.54737868553398,55.09497042499297,53.438034257351525,59.7644503446956,55.95794819361789,7.949704629609631,3.039757547061739,6.155194774613398,7.708688236077838,9.83580752282322
2024-06-25,52.82170586138202,52.245372703217704,56.47382657063691,54.275045677218834,52.50224221184038,54.38316939570472,8.470427267500074,8.014371207930315,7.33716341826119,8.932942761868242,7.796694857419007
2024-06-26,53.31815252744604,57.48965187116828,55.77981878446516,54.70315141158013,51.956775071953786,50.864368498383215,2.546165262742557,5.423818021651003,4.237844511229341,2.3760189130922926,5.591587861334897
2024-06-27,57.362946353888745,54.02870731748544,56.60775430791123,54.98631963533467,55.64115632998667,55.76138156571264,12.759482530442991,10.978973690345684,14.251979609306789,12.205076299759625,11.188082088686306
2024-06-28,47.09124416683598,46.93631170134072,50.49211458241312,40.38225708189354,50.370955489582606,45.12960442587968,10.941585890410403,7.896756501876924,9.585280968015285,11.91096744964722,13.938520538684486
2024-06-29,48.53559381761334,49.15265294249539,45.348702352114216,49.76788038634099,54.24889434213756,51.12743372942295,50.84209316910737,51.71342230202138,50.52640912702721,50.029910911324244,51.9665712886239
2024-06-30,54.849161207280744,53.71379905174137,51.25431105003927,54.28875103349774,53.03298243549813,54.81399069765316,4.724203000017558,5.96436299691023,3.6520394097758504,1.5468267392623782,2.277068629067536
2024-07-01,53.094589124351046,44.48074113547867,55.68537910209082,54.10280262812805,56.509835686318176,51.71209210496076,7.382108117886968,6.210296196524617,13.165514097800504,3.6341679665220776,11.345156652052307
2024-07-02,60.22570964939464,59.74299492524706,61.96463933736258,66.09723325031355,60.3097483954713,59.1054205643461,12.38097382594106,11.683444896541777,12.937690158831787,12.749806964795017,11.492018759559006
2024-07-03,54.60751636208261,57.30804732282001,53.22672615733264,54.527020830955436,53.970229572351215,54.619158212123835,9.098918535734114,9.62672477017163,7.419955353188534,8.204482906276402,11.509154014963016
2024-07-04,52.576571344094475,54.910898902472525,49.17018866300008,51.03505549356616,57.089214192584244,57.44309610070404,7.5856392500190255,7.274540312760372,10.229973542461277,4.127440895154924,7.876937493878291
2024-07-05,67.45393083243117,68.51826627894177,71.83312645754499,64.01196492948615,67.42343367020284,63.74436982339115,6.981652320749513,8.981910992257475,9.69657505211611,7.194722254857074,7.730534769653176
2024-07-06,59.48140216285847,56.187815087810804,54.321094510015016,58.54413678837332,60.37049548062238,61.50793215589783,75.67308790222812,80.54757305407655,79.25642932327519,75.4853387922814,77.47550146321274
2024-07-07,61.42937731015981,62.61530569753526,59.634099504129125,61.91110935900673,62.17419910889414,62.84496432425283,4.19896509667732,0.7806379862964081,8.374952461697507,3.199737910231855,5.890667465615326
2024-07-08,54.446161256240934,52.72584779161422,55.131890838794625,54.60608351803722,49.56936315626258,51.79726506090061,6.377812505060877,8.837322766176838,7.793242270793135,6.871431141422582,5.693519378813956
2024-07-09,59.322726053553275,60.383174771399275,64.72922047884761,64.49312207375459,60.187959499701456,63.72334592401734,6.788265760968497,6.998785163015165,6.088562273412241,9.418453781184105,7.8515969528456875
2024-07-10,63.07042102691884,63.434936061123985,64.2197216631385,64.56767772331666,61.382344953598135,64.68826237956087,12.047869709371438,14.82427158707976,11.6426361741628,14.617051146741716,12.961069406768441
2024-07-11,57.22829988940142,54.299174075551306,58.669213848441316,56.82389727487979,52.96484046896455,55.70509997971215,9.502830840560154,10.951539863091513,8.918680237347068,9.790360126777324,9.929953239938644
2024-07-12,65.32537034394068,62.648002825869966,63.617219243496294,63.20568860744026,63.77395910259439,59.7471303661019,7.523245470947616,7.64555839081904,6.715734736589563,7.353824605221909,7.1166124032881575
2024-07-13,60.90331467749151,61.968382040756055,62.6087553533153,61.70333296884147,59.32714806858067,61.59075518098884,70.63192930057886,72.15197518546093,73.11180291515605,70.94739971580222,71.05505896696735
2024-07-14,62.903546454507264,62.24020716864176,63.219474417144525,60.18252197935929,65.99319407189826,62.76930970023931,8.008309259360002,7.219997716990408,8.009751073231953,8.6263231249087,11.943390751751721
2024-07-15,61.80473344365233,59.283889151680945,57.039339822399654,62.344226682266054,58.61336459534623,58.712594649853976,13.501308743150908,11.952705898941199,15.44415247278332,12.964712389034798,12.911254038922593
2024-07-16,74.52151923810783,71.75302866892733,76.90032379858715,75.98376101882236,72.15197692096007,71.39067600770092,14.863325673363146,16.485051904559842,16.216358782925127,15.21241179326935,17.276500512971563
2024-07-17,65.63498209727683,64.72348955331819,68.54616226681739,64.98562542896249,66.34114687892087,68.24051169863534,5.290118987027971,3.6014620894489626,3.0928090607838037,2.1428598449443763,4.050846139195042
2024-07-18,60.85160050136948,65.55591488552412,63.26169564783297,58.96074116917406,56.87421918730674,54.98451577940649,10.221888892220704,11.50663407550384,6.787535552496137,10.384586658914232,8.459259567575216
2024-07-19,70.68578395554454,69.10754985890865,70.78576773254194,64.12989341353982,68.70876368084754,71.62863222076365,8.447399047275328,8.508894213450326,5.974073113905197,9.401026237324537,15.000197737501328
2024-07-20,60.896834438878415,60.85477582410565,58.02830378942947,64.32834461813958,55.90340423287875,60.33452351294583,75.91212693611166,71.2532436338665,75.05871420065009,74.93244305209885,76.99217533009015
2024-07-21,68.4683261786378,68.77325904170632,61.5407749847832,69.67822734937364,71.22836055865399,69.95979066369812,11.666130450420724,10.517365549494844,11.934786650956474,11.475185161848527,12.80115737299995
2024-07-22,58.04344998942402,54.65037081494819,58.51461080562837,59.326301834178366,57.13936062810346,57.16053495984342,8.13138851073015,8.801064900779393,6.83478785604138,5.908377749327901,9.321844054398554
2024-07-23,61.61337585896163,56.324878407433545,64.85920203818418,56.92931885162973,61.565622323954905,62.493200754742574,8.512092861020587,7.700091533203603,9.91822315450279,6.01146569510196,11.326692274089764
2024-07-24,69.64570863257165,66.56578642836446,72.6323060398209,73.78522473179183,72.39373959194492,67.41738409898552,9.49565531312412,4.402191089599749,8.4402849242902,9.917285469042502,10.311275342359627
2024-07-25,72.75530192668238,73.49653406010128,75.20352045686393,71.35965132682814,70.58849527572072,72.60768717816227,8.879802194870292,11.521302450522613,9.39371707123818,7.4206761633950595,10.512245939984677
2024-07-26,70.31572823699929,70.57772141074553,70.09309530135111,69.44934232890083,69.37976721105528,71.78297987145152,6.479289378963625,6.818039481506847,6.714452740287397,2.925638055811575,4.362152822450579
2024-07-27,69.27079713532714,71.37801684278034,72.53318965742163,66.06293656907067,66.10181313740992,69.72341274915355,84.95873893213563,85.84621751467525,88.4276051157104,82.73518233386675,86.92658600662453
2024-07-28,68.72779008704192,69.01803977191928,71.50027555860963,63.36695289302238,65.55227892405449,69.86871061424655,13.145592815522802,12.199040511166315,11.195110965322256,11.212834627938664,12.67207169944772
2024-07-29,63.21897306487286,62.890325190465255,61.95107238270819,66.69101200004356,60.45722438285522,60.43520916651792,11.030855768605653,12.093835144898968,15.447693950915063,12.580016764069136,12.374340732989399
2024-07-30,67.38452876957587,65.57249194480049,69.4143228194234,71.24432087776874,65.90705759707487,65.6125050839213,8.870342046933203,12.539982336106608,7.681642341453994,9.228570069670138,5.4401021375438114
2024-07-31,69.04650481365431,71.70032518324238,67.43862737742643,68.54992035959432,67.89211821113511,67.32648529600647,7.884367791010657,6.414221823755941,5.204254010289038,6.141163394696057,9.144726975740884
2024-08-01,76.99493227997195,74.2373918638098,78.61500497482271,74.9567785705529,77.86082873266709,76.16546301321169,7.8891398112206605,11.223165221934803,7.455309830367585,6.713608001278342,3.405347101671002
2024-08-02,73.78060213676187,70.4494035848738,69.88325220385867,72.6494696293591,71.10695129263617,77.85635074561536,17.072129095098127,17.86925722688214,23.55240739237174,19.69629792731258,16.520298154225774
2024-08-03,63.59396185408299,65.2951284062473,59.92732642806423,62.54511688397634,64.55285988183542,62.53142558747589,94.30060509006002,92.56173959398629,96.09101556009726,96.17280996045392,90.88950190826081
2024-08-04,74.36959410133085,70.37012216936988,77.54421524216257,70.77001493479206,75.82459797590053,70.93891572203435,7.479669764249985,11.904451039432002,8.685597971132509,5.24354890828633,8.745743216751038
2024-08-05,71.15703340443656,78.40140640041245,73.96971377105085,70.28026775810504,69.75356685593977,72.78197046798834,10.494093482311422,11.277373962089287,12.084467205594462,12.821145201564075,10.632633244663172
2024-08-06,70.02426553059347,70.2642456722709,71.92510015232097,70.48357150939644,67.61009181333833,74.06419582489691,8.912394924701912,10.265352262247994,7.373207995697298,8.751137307802292,7.370820118621359
2024-08-07,76.78675114690766,77.83046949588231,77.05065761006615,79.84122288985392,77.04198824284764,73.00311559135073,11.751401128468872,11.212696919015357,12.40348988120059,13.35062438058136,14.620217218538528
2024-08-08,79.19583025772006,76.7705707841499,72.02200696464762,79.2385627497612,78.58707786868872,85.11426252187434,11.630497308368025,10.03784401770899,11.63550190900227,11.30388139836501,9.83716431970126
2024-08-09,79.00257236580183,78.05677783307719,78.77794455118236,74.27351723910351,79.66362785362246,80.24810217277104,13.250828961716412,13.586455451067991,16.868962459005232,15.622487359200761,7.188441296736234
2024-08-10,70.44820898295923,69.16793763231217,71.81075848452875,71.50885257255526,75.15780829173913,73.5498813501644,57.76939421204358,60.932321659010235,57.55201877887028,55.45015298896398,58.796664279773886
2024-08-11,73.38905691171816,71.76355194871223,71.78485716903938,72.6212652267089,73.59496805700131,77.7902718168481,10.314205895914391,9.694886271543012,9.557652806759574,9.803305033151359,6.781008457086493
2024-08-12,76.87486932605218,78.77375458058165,74.73738674762747,80.98609840800378,74.95717764221178,79.7927222541754,4.754359045127422,4.700856553979145,2.424760250389177,7.187278600925656,3.024339759105737
2024-08-13,80.37223838143763,79.02351026676179,84.7054995458987,84.66061178756965,77.69956954561145,80.04063159041458,6.227979098713467,9.140636042672638,6.508008072464698,1.4427628023189412,5.193285952834911
2024-08-14,73.36704755904763,76.41955124630017,73.1861805848728,77.76041049584953,70.81044266508289,77.02014199162188,12.65230250967754,12.051648818069058,13.23820617671521,12.56017970142861,9.804314810285517
2024-08-15,75.09539575856881,83.08494280892829,76.45978126749596,73.41063195244898,70.70709683723545,75.85919506818158,7.147948625784019,8.16850124812226,4.744772249502983,6.3608559860376435,6.160493453667577
2024-08-16,70.74507628429714,69.8584525638575,73.06747066915524,76.71464150430981,73.54330710933388,74.01653045902006,7.4772736058564355,9.23197461933583,8.383600813977587,8.846596066943926,4.666709831346656
2024-08-17,70.54099217789755,70.99793871862742,67.53668094838231,71.59381969258467,63.841155719830255,74.1406186292396,50.52495720927388,50.13139531151991,50.9913162568636,52.66478408009582,50.849723579539976
2024-08-18,80.82206950575745,81.96051567725398,81.40169177390004,85.70121072276335,82.28638395891537,77.54937973583915,12.084283092539618,12.703958278939464,14.111174612307146,13.544850731153547,9.62679258103524
2024-08-19,83.77012623242142,89.20464067020197,87.72905971585331,82.26226739092614,81.16593451239572,86.15302962835244,6.817519612497711,8.139725167860057,9.242255848301518,7.299520119292202,6.877812410061741
2024-08-20,76.85036377617742,76.60242042106285,82.30803332607658,75.95457356334853,75.31314813230506,76.3046880206373,0.0,-0.8018303870882539,0.1885585872285587,0.08112909619072065,2.324015408542421
2024-08-21,82.44150413502012,79.95445337604504,82.56131332666419,83.26358619303637,79.74754121038696,82.85607604537218,7.389330273569465,9.020860603549451,5.316600505305274,6.703909030609669,8.954075814153791
2024-08-22,79.43731875673721,75.6382972398601,78.72348811469598,79.89295158557903,83.7749127356633,79.81859700326561,13.616884233858512,12.522912066947635,11.955641072769222,14.036829476907775,13.453462849575356
2024-08-23,74.60065173435028,74.42669989205358,75.40772393876289,78.36508756475779,74.6495985394076,74.86156238707635,11.029405153050622,9.67922999512964,14.553660479208803,13.94871481222164,9.051930516210986
2024-08-24,79.82209489222983,78.47695423506818,80.55300603331239,79.12570693658446,82.19323046735839,84.39267082891695,60.815905914802,57.761823793161085,61.14688470104712,59.15488131824692,61.134260146647165
2024-08-25,85.8858645705867,91.91589243848671,90.04613876898017,89.37970954151777,89.78744514637472,81.78652168990452,6.6045515736019125,5.597626885799795,10.096859132704028,5.800388623353765,5.2131133246677415
2024-08-26,78.18876142726452,83.49834868929543,75.19958635976332,80.38546494866249,78.67897784933173,73.02173135665517,5.081811197007831,3.4508057932673886,6.07902083398229,4.930791251874216,5.484058114410883
2024-08-27,86.35491376792464,83.25179528415384,85.51529450942658,85.7147371121032,82.76804245535901,80.55504355292793,11.387645657942622,10.585897745432673,12.89511693229952,13.389511016333959,7.9570752230366235
2024-08-28,65.58831927730844,63.456038966660905,62.23689529667891,67.55234912975538,64.92639102696113,68.79575206911619,10.72006821305514,11.944053476884116,12.597515445531458,11.16667289215955,12.334590325726424
2024-08-29,82.94340603804514,83.1647163617058,79.90712138065241,81.52361089754599,80.71666199734653,80.62309356244216,10.916662961131776,7.46531445438157,8.47038533231293,12.883626752222158,10.98309608715807
2024-08-30,79.40743347083651,83.5991127385128,80.53715551625388,86.45805087085367,77.89692098517462,79.80399287938117,12.798989927951704,8.849648138777487,13.412891428176756,14.867209908958905,17.21602328797005
2024-08-31,77.60688090321587,77.77792031232902,80.03645442812694,69.61388393999252,77.323009525268,77.26272953084214,96.26598686414204,94.76782843083947,93.79198906141791,97.450060515782,98.87810978782748
2024-09-01,79.68181753785014,77.74009562388599,77.7336424566189,81.70064715133526,79.27935061157335,77.0226921159302,11.216852779421137,12.139313766594451,10.647028083666207,9.08886554629003,12.34922665226325
2024-09-02,69.39760567216524,69.22096024245707,71.71389003909111,64.1038179443341,70.6339331552261,71.95203738483234,12.145021041403423,12.722750935442795,13.425360313649524,15.467208865196852,11.897035093988285
2024-09-03,78.34083466896072,76.45538007727258,81.67557064035663,77.66386455930652,80.01274755030218,77.95844576430856,11.507249896561081,9.97712523073923,9.456582115496175,14.332011238746484,10.04804116915775
2024-09-04,81.31977736012149,83.12720898843993,87.12389535542167,81.06295309170775,80.91734183132212,80.60657212900634,12.572337795152217,14.91115425946514,13.69101244420756,12.699417896156891,14.457156385220486
2024-09-05,87.00995349552717,84.88285236053305,87.21919404205032,91.53285417226823,88.22036024985093,87.70856741874792,13.025562474335745,11.708742604099063,10.028824503404072,10.262021989368636,12.566622891696321
2024-09-06,77.10662376125235,75.57531560397145,75.18733017891995,75.03016712502168,75.45854419644603,79.268940015767,14.595066403722745,15.519974375976998,16.88170605164588,11.474070087974031,16.931795669619344
2024-09-07,75.72419826807203,79.20999970844032,72.71678247325434,79.64823401505737,79.66853774486154,72.84726953746869,91.74692990341472,91.02135724834638,90.41805553920403,92.25556115652215,92.54857623088529
2024-09-08,77.31775198889588,75.01265714695366,74.0123723951362,73.78130206822149,75.62121812424294,79.93650703089574,11.441686322232242,9.70413362024493,9.387451473794673,10.03818543797067,12.257680576731769
2024-09-09,84.45458047292576,80.11619637524527,88.20392257713658,88.49458964419036,88.04613992679305,88.80414103224581,8.889029894208111,7.678896317978632,6.01831806222595,5.454651627487354,10.078082148144034
2024-09-10,81.56350474154308,81.848485995612,77.01821871267613,80.14046841583267,77.13530346622792,77.28513763525956,7.499323038162199,8.967323807789315,6.340615372486882,4.340591639436196,5.660069161287085
2024-09-11,77.30426161583173,76.22284140321794,80.95750707278533,77.52456517355509,76.1630398435992,78.13915855321522,7.931379036758901,8.653429327044412,4.116155422845303,6.991413890098885,5.887106549011656
2024-09-12,82.54383750275728,84.07808400554714,79.93851441500084,81.53470151342607,81.55090298191647,81.6290708656853,11.484866552684576,13.421071880237662,10.388068274467916,11.874725700306533,9.371447655958127
2024-09-13,80.47844280613693,81.43085861033019,78.42282421255871,84.32553322848374,81.31541819038235,82.57613454829735,11.254757664358001,11.976729829432164,13.453731715024164,14.066183766389655,13.349751494109983
2024-09-14,84.84294714475014,84.74719166082005,84.3882807797202,88.10616667445139,87.42839755440662,81.1929695071696,81.07189119623074,77.8495522698823,80.69446799675107,82.04033274492443,79.1804480211938
2024-09-15,76.48723429025537,76.30410401384539,74.37627064155583,77.81773945200895,72.7390486810768,81.3740489671861,9.322859057292,13.551688725909585,6.967821825478718,8.560049996349171,7.680539640901327
2024-09-16,78.34807768763189,76.14050233966339,81.14401695251061,74.89247253387157,75.02412856150316,73.52439326834468,10.010244253535232,10.76058228165217,10.462770886672848,10.77014336888083,11.085278507481517
2024-09-17,78.00585070189021,78.25589191486993,83.44588255783853,75.86078509779948,73.80012649874149,77.2730078825606,12.45325808762815,13.482601196404609,12.729049639377964,13.034393258805466,11.949159838358439
2024-09-18,72.61994008530118,75.26379442959949,70.64764361264177,69.5342105087828,76.58049267689643,73.92282831328725,5.531820821052081,4.77814546205896,9.445040746223514,7.0109112354439596,4.77223233686817
2024-09-19,81.380368437948,78.46002821374957,80.08365492045411,74.63593977757151,82.27318326633936,79.32135789714351,10.073926295285753,12.30028288188717,11.655368332366566,9.994042068118025,9.140816357631914
2024-09-20,81.15843569392037,81.14224356483577,80.66847327206867,84.9423899994705,77.905322068549,78.62823104854925,10.26986844438037,8.083653323180126,10.88106469872606,12.34226394640459,5.618605088697674
2024-09-21,79.82327276123475,82.93843902843858,81.44644305171266,78.83980218220665,78.49398813936654,80.48997967112632,82.28575582891563,83.50541398424261,84.09588892563472,83.9346594293706,80.35199277698759
2024-09-22,78.56048625292792,80.07675853257801,78.10003341606034,77.54500436005102,82.1057704399124,78.79376601290116,5.949254764171525,1.7899881996774463,5.6804926278114,6.114654771448666,8.312381037935708
2024-09-23,72.58347399671814,76.51189268577028,76.74524622987593,77.07178069699482,71.74911630578443,72.60128850496359,14.485401236552235,15.839818279252603,14.334574874739836,14.246952524020426,13.40660503348429
2024-09-24,77.47521788508811,75.77079089558511,80.91508963477389,76.04725207792902,76.4636534717146,80.05128341948499,10.640891273285531,8.481790450006672,13.958771880148662,12.480388231266383,6.839911861250051
2024-09-25,77.77422397676563,72.28191863158102,74.21783691598033,75.25281116970783,75.43033385629646,76.59080589648156,10.79974164008481,11.35373068093906,7.528583586452314,9.372793003870733,8.783753162347828
2024-09-26,75.37702440325661,75.97897981512368,76.9399288999811,74.70278754171166,72.30204746180033,76.33580235264162,8.795860728003321,11.51054166149567,10.731751754285199,5.782635069716534,9.515568657513313
2024-09-27,78.47388796064101,79.56160040572047,83.03490567256952,75.07588080501031,82.02385939197048,76.95407953581356,11.614067064390532,13.25950181339141,11.39248411301498,8.589471081022541,12.29413628280201
2024-09-28,81.18380018294452,85.28906604636255,79.69945734564388,82.2168674908084,86.2055049491707,78.63581172545629,83.39569587816209,85.8444592183972,82.81271703565538,81.80294692798307,82.80713465303938
2024-09-29,88.46906299677457,92.03350020089552,87.5862683813939,87.34807676198206,85.51347978841252,87.61478711130451,13.626945832319397,15.868642719615014,12.52115396493197,14.946250429873896,12.248537738149329
2024-09-30,79.77700552108367,81.38723639012105,78.1928945275248,78.25519128930223,83.99183250873803,78.28070995950277,5.6755172558091544,4.626951769989397,5.982865296937531,4.829919546589427,2.8711252842970674
2024-10-01,80.04928646323272,82.34545710574402,78.5280596166622,78.26757694717182,78.5871182143624,78.70287505974437,10.526637489671524,11.723297837287232,10.439578556662191,10.935669495293975,11.26300756249554
2024-10-02,78.23820032008253,77.66273594546261,73.23284566434938,77.9195358385565,79.83914430618918,81.73418257348901,11.225537045132278,7.775703253248658,10.396132271678344,10.23494490337014,12.901277880467855
2024-10-03,68.85699132386995,65.1996474899123,64.8720464694748,69.10743470042951,73.08763273831318,68.09468096176329,9.440882816910724,8.067009981022222,8.035567326677423,8.466168084942792,12.018642821014414
2024-10-04,78.15026492446654,78.50342857660927,78.38268608067823,76.59033965924398,77.71503513735564,76.16154490762695,8.78600253007886,11.571312306646963,4.9753416251769895,6.735075181056553,6.564827812698775
2024-10-05,78.40759143856808,81.35531182945141,82.94838536252641,77.33129363028263,77.423765677766,78.49182776071204,57.67969209426636,56.909618489413916,56.23208460556302,57.49590084343498,60.41073805507873
2024-10-06,90.23792849356582,92.20701110305146,88.39784605601096,89.99336001310778,92.64117138493037,90.55061231095104,10.523917808103484,6.787914034761997,9.49932751558154,10.173590336545569,10.41069363357457
2024-10-07,76.7669168418872,79.26833885936529,74.83864493304152,76.21966243526857,73.43705833077844,73.20627315310497,4.570123297057882,8.597521131720598,4.872585441391566,5.395453343421526,4.6232672238664945
2024-10-08,79.03524549344988,77.75197843230963,84.13980870471208,79.12847339407492,82.47642962697117,78.14002667767835,12.895044883189689,14.01954544952913,16.8212166525527,13.470440097213125,14.68222896445261
2024-10-09,77.14458005430028,76.34793954024501,73.81980766885232,75.11456764455623,77.57300823162802,76.12852708200448,8.559604396912448,10.088560837524028,7.32769200988561,8.165309634995623,7.477696589952982
2024-10-10,71.25728388164288,72.70756034598669,66.27355439352361,74.27106260902235,69.52403235718035,70.74085106051746,10.383408092100348,8.422469022256553,8.335946384606007,7.371230401979997,6.055802089402291
2024-10-11,82.58929279462237,80.9497706110961,80.10374648620987,82.87977732685091,80.7767899846748,84.76587791373632,11.101306800364203,11.669419941423943,9.672314617758007,13.242465735520758,12.511029896755726
2024-10-12,80.40138484231866,78.85423363251965,78.41303140593557,78.88984458384404,76.25099730683357,80.81140045580732,94.14318113430912,94.6583310760875,94.44987066951334,93.97309245623308,94.84032262289927
2024-10-13,80.3555258544213,81.24947256355365,75.1131666003361,81.3886785065569,78.74700935454933,84.0393378965773,9.606884779003012,7.963915065755662,10.784155698595558,9.766170158790805,8.886331085249061
2024-10-14,71.60425228730595,73.88696651677668,71.22012716848212,71.38114649084982,70.81213900132275,71.5692712196395,3.894279278123488,3.554639907077171,5.350969704262574,7.095269409745603,5.139341965997875
2024-10-15,82.90823539617784,82.30964937618961,85.75357444576245,77.70675633272684,79.7243548010434,88.23649723731803,12.196370821999217,9.195435396433181,13.85178681846775,14.012815075191117,13.850257742929609
2024-10-16,68.6204097785334,65.13084139537249,64.76254545738892,69.64326784919828,68.48401485014638,67.23808473733844,13.240207000966494,12.54678793521449,15.178668176190444,14.133105398599955,10.216194376843342
2024-10-17,78.29175718959326,76.08434544446476,78.55449184645403,75.23323858244069,79.71050844316974,75.98307004609788,4.8970193441837395,6.844711858703378,4.3392520692374,4.892407769442085,4.942045292979195
2024-10-18,86.030042511609,86.6410587662883,87.21784953848932,88.83332586130292,85.38962610361074,87.67195053593991,8.780521369911215,7.286824851927045,12.886801737393629,8.757230272242891,4.225396156213046
2024-10-19,69.83794433606386,70.41250722766175,69.58779151024098,69.11269541938351,71.82612181562166,73.9301901484589,67.2489181098812,71.0635137827343,66.53938106756368,67.72914710532493,67.00153173085764
2024-10-20,71.66465289536363,72.38836730832968,72.22173066458681,74.00486378753682,69.24323294642562,67.52824298160795,9.466779035537781,6.594596010467669,9.685460188219599,10.280592487251045,8.721294547480403
2024-10-21,74.69265521506655,76.25654108685382,75.28463700285218,72.80199955547373,77.70280350772637,74.1016832704236,11.945909004162884,11.425558304571695,14.537563147708267,15.368712515731152,12.929727039017363
2024-10-22,71.36810764289748,71.38553931852483,68.92992377214219,71.57789544431941,71.73355176022206,69.53576180763987,12.961926697769876,11.649066770541625,14.094776753745407,17.908458863295497,10.815816238522022
2024-10-23,65.81617849703078,66.61134663155171,70.31192621306639,69.44690899855141,70.45195000629501,66.24473153600701,13.365559568280545,13.005197905534807,8.88386608023507,13.946081179087644,12.522586496577508
2024-10-24,73.58933611504136,73.45425564655476,77.33260661727,72.7822864757969,80.83198805175756,73.61938988553958,13.931631474076639,16.674581038358482,13.942903134670344,9.625079329989372,7.499517075562366
2024-10-25,67.60513981508576,71.05134026387408,71.17487400680926,65.83268851887834,66.19440903817592,71.64128355796893,9.332761664633303,7.363850671705109,11.056691176806275,7.429272718049862,10.447769306700977
2024-10-26,74.94796697913617,79.24499307278867,77.98899420076776,76.91308882048153,73.6607753484318,74.62275260051182,65.71605052627456,64.8135094644155,63.02910996721544,69.3390442900181,65.53925069268641
2024-10-27,67.63953915428885,64.07250530714875,62.91460074598978,69.54652394454173,66.9008127884427,71.76389145119954,9.656229099076093,10.965240604522371,11.157614689334066,11.093534355587586,9.830711974717312
2024-10-28,79.63639864768233,78.87064282137557,82.41458578111822,77.99015124743786,81.42350539820887,78.69109763962626,11.899802506910728,12.086120066746032,12.680110386937635,12.75189548140072,8.912941034841275
2024-10-29,67.61404094859766,67.71221442321979,69.58084523124619,61.65765788734438,71.59195086002293,70.39348657391331,6.318220657237427,6.668570555855434,8.686061624940173,5.984544834427906,7.114345006943437
2024-10-30,69.55720072218696,68.756456586144,64.94762987735561,67.7271317896919,67.59877526967755,70.24318980659712,14.980410860344726,13.049858181145611,13.596548215667443,12.602366741892757,18.28591026737318
2024-10-31,74.86602289345768,80.2447906674503,74.22129182800745,76.89810145851695,76.0097556928919,80.05567908950802,12.693665616281026,12.550498673076032,14.685452447459515,16.04924512577203,12.323840178528645
2024-11-01,64.26888070214072,64.94074653640992,65.09926105011658,61.94377813386955,63.86109883257342,59.837836113697435,9.380298494706013,11.643455397785061,9.699514989507676,7.733877991757835,10.680476310869302
2024-11-02,71.17921559942666,68.76310011827562,76.17216689380056,71.14640208837807,73.03354290704841,67.68764244614718,73.81326947290816,70.59422750674621,77.34537008101273,75.27189310598472,72.07202742665639
2024-11-03,76.1904044876847,77.97973150636672,78.36457606136747,74.21794967378567,80.71877756790778,81.68527134165986,7.992636756662071,6.598018455264016,13.56473663228872,5.3912332171537845,7.83892437656796
2024-11-04,61.22422522429077,62.037148840829346,58.630528042455865,55.42772373671262,60.50324051199173,59.024429943831706,10.222618641400466,6.591535382349793,13.299279519505571,9.791921271743913,7.159937413484132
2024-11-05,69.78605373053657,70.69863248919683,74.87221910589246,67.75961019941678,64.77645073051538,67.77664365630898,9.311792191808943,10.385743585696424,10.272829548025392,11.29770645271487,10.888035801195867
2024-11-06,69.75795197014195,75.18158044653951,69.8892912582836,71.77734803221108,71.98965700078283,67.13078121364238,12.851508265847874,15.302449356476814,17.493516257971486,12.352119920914287,13.171189420178667
2024-11-07,71.95783625563423,73.01019178289866,71.19031284492496,64.8470788154368,69.45972059981787,75.40317412523541,8.971072515092112,8.604252540508027,10.17802859842808,8.234172764360057,6.5324997434399865
2024-11-08,61.44880401438378,60.537819442761794,60.46744942461734,62.20530606581051,61.019456803492446,57.688431174708406,11.516505431834474,9.50546540280388,9.70061400478924,11.537777968531836,9.91278107815831
2024-11-09,60.61088497170835,54.74505569277805,55.740219257638955,57.052677277510114,62.9719774823232,60.678236208541335,52.261523686228145,50.30903078331907,52.182977072324995,49.58951790135829,52.38369603142477
2024-11-10,69.39738570038978,68.90118864595924,69.06807718894134,71.22271190881236,70.2895702609831,68.60052023504817,10.809008072191212,10.214893656445726,12.332352444781215,7.760714258099181,12.656738104119562
2024-11-11,67.84213652238546,71.76004627436703,69.33459229430244,69.98509333000642,67.53697644572632,70.95168327289876,9.309830693210852,8.708086602427802,10.96173900445098,10.738303658598708,12.268885100247887
2024-11-12,67.17436569658739,66.90085833791882,66.01821571401175,66.65852189185355,65.44672055921242,65.48331770959246,12.123146623748863,13.946810180775604,9.872616844133542,11.278726772513263,11.854895865658548
2024-11-13,67.21411277796047,60.493963082401955,68.47547020970315,66.7051083016168,58.51443143713547,68.45993051530029,12.167620240870232,10.829868171984206,9.980555667950886,13.580589762033144,9.43832289313147
2024-11-14,61.637130795480815,60.14204361890347,59.04395758273827,59.21804270407191,63.73209324274942,58.123482275349005,11.379787077466434,12.249943753838153,10.697167385046736,13.616153111767849,11.856717358114023
2024-11-15,65.74944969906572,68.7275153158041,65.32666595623286,61.71269949875082,64.99059460138842,72.57127281509733,11.822542981448514,11.211602922952776,12.891630208360894,14.21982819943944,15.392307779513217
2024-11-16,65.60014759670932,67.23759912039536,66.54976857653521,70.69442631571052,70.14015643177649,64.8813706227482,55.481062105174814,53.99154819469514,56.80618720493465,52.23904553602214,52.235565294529785
2024-11-17,60.10544371512192,57.58580102558972,60.67442634631219,57.51022943360854,61.29952780500753,60.13173416977802,10.969737288726938,10.308985162044983,11.25234753693656,9.574078712219142,9.060545990149075
2024-11-18,72.54443608623863,70.84858175704139,67.72804081708149,77.24782447982805,70.92105996863411,77.50869916279026,13.7476053024626,14.420682066204561,12.078747835427306,14.822775916550212,14.969533990955886
2024-11-19,65.11917480364556,63.887048826338315,63.802156951031876,62.54067468424503,68.31978506877368,63.359156480729936,11.474213701058492,13.304080480821897,14.948099587097097,12.580217044865796,11.781411971566826
2024-11-20,56.3241612784554,54.33601996286661,61.356550069393215,57.89973244946859,59.77754949632997,61.32630830727125,6.90784749159543,6.403901117278451,4.763731367909351,11.406722659988011,5.817808035065828
2024-11-21,65.09047634286314,59.001454739644394,63.613138119871586,61.677054863902235,64.43338089980571,63.85606282044926,9.850700471052745,7.442824209457205,12.455381960760267,8.035473404586583,10.29092821765565
2024-11-22,56.457830604982334,58.7486039068419,56.50525323731785,58.02801565568838,60.03876520170202,58.47292515644611,11.124933815019126,13.124363421550008,12.602580381919857,13.461270617927322,13.080024218727758
2024-11-23,64.78683494060529,68.55801481067257,64.52656768895845,63.81007286914592,63.12091077444715,63.068790020127395,84.6294822706236,82.83314350431937,87.19014687836706,85.37403149070067,84.4328095862386
2024-11-24,66.16134727515903,61.60600044326481,70.86606655191798,65.22379879313202,66.64029058338274,62.09323793972483,5.925186409829942,6.446832745185008,5.036319823984107,2.6447146765030016,5.553171021245749
2024-11-25,55.778842874977364,59.51040167273631,59.64994724156138,57.608912384330715,57.49306803813371,57.02262592659921,9.051706394690418,9.00204105928291,8.76639799851201,7.956075921237229,10.229754734541851
2024-11-26,64.21009187429641,63.90102227010476,66.63268487375284,62.802667779059114,66.56443662633897,66.129802077247,7.777502776096893,7.460362591404454,7.887587890658979,8.302558800743542,7.2364730122885
2024-11-27,60.965289212887214,64.64068625739084,58.045562272769615,56.68084372655192,62.82985475873488,57.017631985908494,9.957132905830093,8.98318030545408,9.004337384627062,6.548399489237562,12.242180027586354
2024-11-28,62.51722105594892,62.63107236482026,63.594770203525165,64.80113774617728,61.51924951425941,61.59604609922279,5.225786057511135,6.466083618342063,5.676302964501332,1.0779740475678423,9.279265414479838
2024-11-29,67.39392969510995,67.80056347158583,69.09775492433535,63.95622792516296,70.67502261718427,70.99620657972066,11.694103187608468,4.5299779726334455,14.852282099750884,8.17161803033518,9.908219251349143
2024-11-30,56.18372483441372,57.30102877536036,54.08791032762555,57.73327668760744,55.81044286509446,57.98408168680355,52.236118290376254,54.50905930711033,49.642450596040305,52.75438560054493,49.73606722480815
2024-12-01,53.14048928513092,50.770290309725084,50.52893796758785,56.05947892112992,51.43340719830534,51.95484427977877,12.987256710044068,11.162241161255999,11.672833293621888,12.017922192577188,13.730695187424155
2024-12-02,51.95805531506626,55.542077748050325,57.07309775668735,50.83157365600961,50.29504141312627,50.165478210162895,9.169303480610866,9.985217300112161,7.637812843198353,7.92939208598363,6.598294434555061
2024-12-03,51.8211352689801,48.456993354755745,50.918725332329316,55.36819380125545,57.6411004434091,57.66586824438443,9.923832860846538,10.633884096716395,9.734996336574444,8.752589190515081,7.318677902939464
2024-12-04,55.00748902469635,53.801288791146334,59.85241948142979,56.4528401482802,52.781538740420515,50.666692815287774,9.480895363909246,12.030850127950883,9.209842825951505,6.632650540593371,5.382483823261563
2024-12-05,56.58997026223874,58.162764295168245,59.58125152872234,54.50238600180441,60.464875942520074,56.41237453901293,7.935520929699182,8.33101920077532,9.480150098580594,7.022714564018967,7.1710164345554315
2024-12-06,55.75742990424635,54.22984418278996,56.98106025137231,59.961716911044576,52.35102981681584,51.363339283164514,17.41683838681798,15.758620025549888,17.484284592660728,13.776042290674308,17.35085778116348
2024-12-07,57.99836156875756,60.33095529120239,59.35595587783601,54.573346103539386,59.462077903980116,61.9428055032904,78.67000693929755,75.4604969634756,79.27577349273615,81.04528921801537,77.63528096101308
2024-12-08,53.41477967304039,57.54237819259226,49.21352099204809,52.2846783833297,54.3060300275129,53.39340883641538,13.07056456739698,12.372958257651032,13.867460658420981,16.455224008751415,15.851230934461324
2024-12-09,60.10377288030256,63.14141088346407,60.724097219805806,59.48482846944457,64.96745351948124,60.63829513461086,6.719113161809815,2.8027623040437906,7.209921284221439,2.066985735031471,9.350887695902049
2024-12-10,50.99831021081411,45.189964269778244,55.24937144975899,52.81398131386888,49.03510452530857,59.304987139696934,11.116394173279483,9.85942276065797,12.523020296194666,10.178134854631306,14.974082101322995
2024-12-11,65.40724415392188,65.78478506277995,67.4512626634787,68.75354404606529,62.61525150004072,63.6268261267127,11.436616491795508,10.851355251135098,11.191969727530019,10.628593630525913,11.529673423662926
2024-12-12,54.41900372896095,57.50505156105013,54.88201379015418,57.577378399669094,54.069472593920004,59.664731471136555,9.92746906870561,8.547637112647761,13.220205860855605,9.57850005547156,12.295107185727163
2024-12-13,46.48876542473258,42.53851888426641,51.624577012183664,47.16001038345549,51.483170912453936,45.316569681508014,8.286985841081279,8.370533155811103,13.370225534518863,10.29004668983008,8.904691138655586
2024-12-14,44.9037474163551,47.07457917804173,44.34862524837269,44.062940102964404,42.251271976523796,44.20321004360041,61.477489776224154,61.00528175438574,62.889951725758294,60.545068211836295,61.894254401263396
2024-12-15,52.15415216955529,54.15653451447322,50.295485144490236,46.6761994446724,44.38890227294269,60.068677939417086,8.790131494080638,8.134758411423075,9.24611382149876,8.613628568618063,7.855359343489715
2024-12-16,48.10813286655678,44.471863190741985,48.56962861479155,44.16569530319113,48.287436378676624,47.62486173477176,17.20607884550637,12.357777611431757,18.455243464140857,23.164188773109146,12.67978526399608
2024-12-17,52.27933548032455,54.78203347754503,54.578737584659336,57.579301948198854,55.12790423420758,48.1562212674388,9.932190731665541,7.3427803702944425,7.730124559898252,9.709604916454927,11.20677364169352
2024-12-18,50.55978980189394,51.37788318248375,45.40640751446916,45.05157383938632,47.51837200397435,51.40554616627288,11.574666335991852,12.859979799701604,11.934877270922682,15.107146056590663,13.882938809047898
2024-12-19,47.31426105971174,49.26540642587555,48.16886699018299,44.960789129985415,49.85805757977153,46.796050584210725,15.344875271276102,16.95338781717099,13.882226057378885,16.348850586053768,12.293639414679603
2024-12-20,42.929928915142,40.0309917578466,45.36096396175093,46.36374776129227,39.82219596010463,44.031216440343584,7.371043996077455,3.6934905601194643,8.390997830558115,6.263626009925757,7.351646671712238
2024-12-21,39.07599366291984,39.526402012034,38.26706878702926,39.705133560511946,38.636318055844804,38.67520028293654,69.57776140160264,67.94832503913437,68.12504278564835,68.13629342725179,71.56105573843178
2024-12-22,43.90497991608748,38.790344253690506,47.2258742149954,46.68911512910455,46.163026861945646,50.55161376470177,9.192441604955834,11.336372340154089,8.502886714238041,9.17789641495642,8.473444051664998
2024-12-23,49.90801806402113,43.077044441421975,51.83157805125434,51.536503117833156,46.34562185880581,51.57822558052894,9.741584663549908,8.305507036739609,5.9976428525038035,7.488638414056792,12.127792010214444
2024-12-24,46.18625833249553,46.608743612078776,52.61040768802876,50.59500594457818,46.73079832701819,42.961364449318076,9.462964098647543,9.239982524397318,7.116472718752207,7.735232165856143,9.182398031932806
2024-12-25,38.378308534673195,41.680101354957124,36.12649984192955,39.26459039436785,42.02322906854991,38.75194894074476,7.8043687431093485,10.687979401141165,8.514116348981442,6.95824754105779,6.754051681712827
2024-12-26,44.96571793544862,45.72452837824386,47.45784748693689,46.95606112290316,46.387520233082675,42.566828462947505,10.586230854989898,9.863076232103111,8.848538698353037,11.172917938844357,13.086804680872365
2024-12-27,45.5209594354503,45.33062124361786,42.46898771205809,43.34821983927528,43.359081262678,44.77781790794144,6.812101667751696,5.802662847377464,8.939649635322848,10.464096091233788,4.944594195471502
2024-12-28,38.671542712075976,38.10894035191136,33.8254433582458,40.43054163881039,43.22769777022636,35.94022058037551,67.40133505046204,67.08726166927678,65.49355687363541,66.43142619686552,65.95152698681245
2024-12-29,43.357960115299576,40.53026394097038,37.25136758684596,42.16958182133189,45.33313765106705,49.67931568491765,11.86992941996381,15.576751015763467,12.776438422535351,12.792965512720038,10.078837650529199
2024-12-30,42.38107881038978,41.715496099003865,43.99605087758056,41.02176120644764,36.79973481061686,40.306924964855114,8.519611550907953,9.412015223486913,6.995860292964436,5.26381585774385,6.234421011933428
2024-12-31,35.87822825487041,37.14328165966374,36.430971996702716,38.56239879881182,38.470959099073085,37.940921310852815,8.665050035878421,8.703213291437956,9.435989585945473,10.785627317653056,8.971117870627197
2025-01-01,42.887552223536716,41.58188552513483,41.450399051451456,45.59242235171481,41.17342946628489,41.917113957906835,10.82653168704476,9.777811775681593,7.756957028854481,7.3831665371908475,9.800662483487756
2025-01-02,43.41071140376637,45.6624719652737,38.09019840191753,48.47603787100476,44.000402046693765,39.935471886048,7.604364053181453,8.6819979095437,6.697998101922337,9.201136997384323,8.581590246014368
2025-01-03,45.53300174914048,46.12092685073429,43.461841870724456,50.40279130559908,48.55701376202026,46.125949657839,15.435940372404614,16.755339912266212,13.743513801829144,15.274090465841008,11.966659701341566
2025-01-04,44.90064088005252,45.851579133372745,44.91291990307889,47.652586364128844,43.25182712605802,46.10271639130964,68.85741300932277,66.71105599037183,70.62387815994073,68.6161071238432,66.61231682831394
2025-01-05,32.26024123832152,34.9262294989744,34.63974933870081,27.098904407611382,27.323463396196075,33.93612083658506,11.179789454151033,12.553045838043353,12.10431438305944,10.57926001831337,11.282947633203774
2025-01-06,33.97963584430545,32.39936954634048,33.930028593562575,39.46267879315454,38.496271420022936,26.11297838068262,12.044335241071858,11.742030667824997,9.579183131840892,9.441829992287662,14.983696435479292
2025-01-07,40.76746803634931,42.74560979491016,41.52364906446514,43.52137104834839,44.26121844995515,37.062930895342035,8.26161017778979,8.311207447047003,7.855248704548028,5.765069158052183,9.01861447562483
2025-01-08,40.288250990092415,39.128820838336495,39.159853847170005,37.99067071983351,40.026482950543574,43.16091514715807,13.267029945354322,11.498451939377686,11.722394259908652,14.940070257432286,12.088248755653437
2025-01-09,39.82522823244362,40.843771683900144,45.072900840025085,42.01195569913197,42.385492586919966,37.054407344617246,10.343600098646391,9.54363604298857,12.244114486383475,10.367473659009168,7.364537391885797
2025-01-10,56.048093922758746,54.11077987084904,52.99334498977406,52.93629669987056,54.939933726567695,56.65692607368908,12.850436412996494,10.790151882550836,15.39348470830437,12.235322942633971,11.554744316184307
2025-01-11,39.177251748212065,36.44514027901787,37.07953709635668,41.03314210854129,39.46816227849462,35.40317766252571,85.35843587950728,83.20199953927468,82.47514558648565,86.24523178077939,85.27346763442164
2025-01-12,41.543042970687075,41.818637207632555,40.06596874870654,37.59423284746478,41.11017914277686,43.7378462771624,13.951834680193556,14.706015121047116,15.605240628956517,14.15445524663606,9.236450892107378
2025-01-13,40.18182760420531,34.52622744814196,41.80994079813548,37.7571723778454,39.1949953481334,42.97563639219203,11.20403088107437,10.493797750188154,9.55743874255895,9.618167781194611,8.77729074057854
2025-01-14,38.21970185315572,37.330899522629075,35.103122483795076,40.3494892407573,39.297609593412986,40.41543157167282,16.54752107253126,13.948245732806429,16.041687527092623,21.469513524216424,15.072409143237316
2025-01-15,32.9417820463227,28.12265102949516,33.3489378179667,36.16044227530138,29.317245575385936,36.03945248338349,8.89143514953331,13.245540444510063,8.955943607655223,10.372947906539524,8.376617935163388
2025-01-16,37.87294465760834,40.21064676054917,38.36767508788802,38.84925523590977,37.11820216531161,42.56464509230694,10.613648188272236,8.364338109640364,14.246860515383181,10.867785334991348,10.504975228774827
2025-01-17,29.778660771092618,32.928992559419356,27.695586858892476,28.920154861028706,30.72209918854283,26.256438376265695,6.905271259389526,9.089477181428194,4.897571805327756,5.878048654961646,5.683535702975256
2025-01-18,32.02822909399467,29.43637542973225,33.01816747686524,25.683630208943697,37.54253121787958,29.66221330054058,63.268191068520096,60.31526378527649,64.9376905138067,65.17371044690847,64.27993743292593
2025-01-19,30.36001422372475,31.644953111145238,27.336572527512455,29.73295092477067,26.857411577786664,33.052644934636135,11.856059643543716,12.769064313879307,9.51305082720448,10.280923904091525,12.105473449604647
2025-01-20,32.77581312815741,35.47322026921989,29.42459070077217,34.376268358630995,34.337472301354694,36.16647244366985,13.387973312618502,12.88685257538112,10.906786142937033,11.644423830679976,12.647846743608143
2025-01-21,43.52457093661987,46.23197860412522,43.82338820618419,42.574275618812926,45.41501726590345,41.50154207590409,18.895031055162168,17.636917592445357,18.951957952000477,22.281682326642933,20.18258181703803
2025-01-22,22.205136038141426,22.848488540056348,17.225869281707237,22.13740221485817,16.574979846093214,19.973477842164673,9.710113280130336,10.103597927661749,9.753572262109781,9.771463632271754,10.833994513150603
2025-01-23,34.56841651399753,36.77133054068202,28.13400840634682,34.01156411024377,35.80001255722529,32.61177604420602,7.200359777063207,7.324879489721872,1.5357231401247002,5.673661403632982,4.292762675570662
2025-01-24,22.67477924695483,20.726785311193648,24.273279149345232,21.70966059349053,25.315634483906173,17.859494354822992,12.259977281131723,10.635046913767633,14.579169859882718,12.271348677211078,12.195922142814434
2025-01-25,27.985649954780282,28.235017351750322,31.13255978255379,28.21328212465972,29.751607992927585,24.171416408258057,74.93675035334094,73.22127259176693,70.65852210447923,76.63712346103769,76.71727141627534
2025-01-26,35.40283705843083,34.0015268380585,34.002427702353245,34.58475331197345,35.15105529381281,31.660959123340373,11.692832164080208,8.545003740091406,11.400957291853604,12.935341071990592,13.807810722684565
2025-01-27,29.89819781116684,27.696833889810748,27.893985854873527,34.228066472062665,30.897917920734123,29.01590238974994,8.493232851417627,9.10436162013173,11.148463754628239,10.44175737759053,9.235050432688201
2025-01-28,23.812839303744155,23.921029478153038,26.829444981667834,17.193582758592957,24.322373395491248,24.62534885124602,10.63478491114118,8.127175256941163,15.053152844518538,8.13567310566222,10.168207787648393
2025-01-29,25.255973150484838,26.298564278959063,21.81935849648808,23.618445392571605,20.187601135539254,26.556391645411956,13.273138306494001,13.281088219528366,12.547038579116842,15.17143662984369,14.115777894958873
2025-01-30,31.867681334394536,35.3582076382595,27.77756346023106,29.25691266384286,32.44764230865793,30.341994574567494,9.667799712757912,10.852755680999344,6.801901545523736,9.309682160655619,11.28334657534148
2025-01-31,24.46144021881969,25.25690680071635,26.58434948994515,25.118772018922918,23.36022900087467,23.009478869977052,12.798637252985865,13.214747316633973,15.37973370452178,12.976838786393618,13.030301151004993
2025-02-01,28.845632622452,30.771424227336656,28.872747181988924,29.07706698010138,26.73116610945805,29.216617107905783,76.42199575581243,74.97573315977792,78.15230885605295,78.84098474310198,76.87920404696928
2025-02-02,27.647854373558822,29.607703893307434,30.842484591429535,32.51443367820711,35.102764234318784,23.15981070211054,4.407005415072716,6.2246302377726535,3.429020835915765,5.8124567616152945,3.907399106402077
2025-02-03,23.82533987825463,31.88794297534551,17.404542241920694,29.678766023148015,27.583187037113305,26.7036614745039,7.295197761893283,6.479254805690776,6.06372284547487,7.99730272380264,4.621627359725922
2025-02-04,37.473199205615416,32.04310199579768,33.271177232259724,35.15394883890397,34.022683024672254,41.32935504265823,5.314579415813585,2.6462578978036024,3.8797950884947214,1.3465860495196758,4.965851175309274
2025-02-05,29.600099459228623,27.53629785871709,29.643095638761093,29.60159965432951,30.64000804892614,27.723357546164504,16.005211307590407,15.437756298683851,15.316038236121141,15.914207596829835,14.650983415829339
2025-02-06,15.988801153233503,20.410969310697745,17.241822248684862,16.57771440400657,20.362876979926476,14.793492675187165,9.68382422368802,10.857418979657472,10.315960508491282,8.11447344854702,8.335981468361938
2025-02-07,26.7378731842188,25.681833959658377,29.278864447287173,24.344431939206792,22.24927572199079,30.467809858754308,15.342487638899925,13.993659010079671,14.210458473426382,16.76457824769465,18.21015661722024
2025-02-08,22.194926132780587,24.852335545585746,22.71937943920692,24.080072240893454,22.425875557002048,21.82577135981089,78.28470142650644,80.04106625644705,77.40554087538196,80.26661780057776,80.18781618196745
2025-02-09,29.471540712263835,30.161569283552343,29.96550617833954,28.753018605969,29.843758889422315,31.236277050118723,8.281694726354422,6.7410425959191205,9.564252765175574,7.6776326807888955,4.894696544684276
2025-02-10,20.9596319252774,27.275239128901433,19.791427296186804,17.756727373474465,17.13615327778033,20.68271574387508,12.401494725297917,11.133068337926863,9.436666443180172,11.067411773720544,10.231737172745238
2025-02-11,24.0688460720736,20.729682790882464,28.841560786787156,23.230141159273973,25.20749698591029,28.737768237514423,10.537823813280053,8.445665781573547,9.785952373452893,13.650425404311918,9.810699724174915
2025-02-12,26.89527130240748,30.56067295996392,23.586200935995986,23.902247584185535,30.244010473961854,28.365510187161966,11.598579678440377,12.965998752256436,8.246697640242173,10.392284544412988,10.317315218168453
2025-02-13,28.434512129353262,33.68325604517076,29.511572587021078,31.54445261761103,32.95865490361072,30.07747944511084,6.238575298620229,6.132090158441824,6.4554002453260315,3.8495002845477244,6.873411845627811
2025-02-14,17.847328403441466,14.804071771937465,14.883901899677406,23.552006168782476,17.09923609856363,19.546248019642228,14.130410478636788,12.170886583148839,10.251599662353039,12.465068172598901,11.643240323022386
2025-02-15,21.92712770158919,24.275738432333227,23.53146333900422,22.66158582327281,29.43206280699453,20.261786492606053,99.17253525350976,98.38011456894756,100.95255550716263,98.06253647728134,101.089599176107
2025-02-16,20.98355376531043,18.087059807823263,17.87250105714713,21.317384069470254,14.809653505120163,19.593836354542823,11.204876516474421,5.062574540676366,8.57560172489041,9.482150410575326,11.116865426590769
2025-02-17,19.858175115084173,19.948659832689547,22.089622210585546,20.31547941570673,20.92682524452756,22.165912033764098,7.943169156754577,9.499113883687864,4.398012026031668,9.633951923310722,7.262145067332223
2025-02-18,31.72659713166496,30.95683334111844,32.06291197213851,35.273299218479906,27.48971417187539,32.10583561996581,10.971400382817835,10.629907103821221,10.2441737910146,6.575573491669814,10.94276149738629
2025-02-19,24.70676965197829,17.498507847279228,29.940687171754334,28.18886666276984,24.97731756446899,21.17393662854297,9.125530063019529,4.313053760999734,12.54774464637363,7.360409240128471,8.290513915989465
2025-02-20,16.168071446542974,17.44077422567867,15.325012504728218,15.821110740898282,14.602351196227886,21.787384720417315,5.048526369886715,2.135163487238551,6.470911276729867,4.953531478976989,0.9872412284345078
2025-02-21,26.86058806948108,27.29060557229977,28.135486418223714,27.618357851618352,28.38122043865276,29.794803671372378,9.848731444835536,9.00554331972033,6.004103233927605,10.269223884840121,9.872583406378489
2025-02-22,32.68906305392379,37.12629997414107,30.35009421254166,34.64700227545502,32.308420911617205,32.80194202545884,86.15841366584493,83.53007214763525,83.47216313055586,89.5420833408941,85.51692088857581
2025-02-23,27.055885913892787,28.889316877841416,26.192206894568905,23.642823544240585,24.57793337981324,26.235382968492893,13.18720452962536,14.773903176997477,12.396003783133946,16.27767995515273,11.278290504319854
2025-02-24,14.120315868517315,20.9929676407536,14.437564306850373,17.758140580778683,11.839443025825375,14.716343441107563,3.2967206730573917,4.1338664450397005,7.773426996599115,0.0952463611683072,5.491580335890554
2025-02-25,19.127982235303595,19.449109381539735,14.546322467889473,24.332477908985275,24.925360727652254,20.680542532775878,10.705599486564102,11.42467137359984,8.827691190626366,6.8895036054249434,12.044475513350557
2025-02-26,27.72412584701975,27.40753569101283,23.471254044465432,31.21922216153812,29.054697062406994,21.625123640009605,6.533295855682848,1.3246019852534383,4.671525368276459,6.583238380424846,11.411009268841351
2025-02-27,17.700118162287204,17.147048210135917,19.49969606179414,13.963336427443538,12.59373204267204,24.037167290744463,10.957670026586639,9.90675319817285,14.012528800347,9.611299553660462,12.627327028971546
2025-02-28,23.31498068380668,21.99621455071136,22.87672021921164,17.40497931755006,24.96734388915697,20.94532775630592,11.122840166731917,9.727607265513804,11.512654577256669,8.738787482765545,9.835970032671364
2025-03-01,24.835036776424758,18.21178402727705,23.056257177280692,26.96119279697855,24.251006789350768,24.829319877458488,60.486484598147264,58.57837568993809,62.592484652744744,60.518726393068576,58.67490584094369
2025-03-02,16.201801743237752,15.541217862213879,13.990843201987484,13.921233396351493,16.21560500452917,16.30640239157519,12.421879374433253,11.59152881210583,10.967680294081324,12.883274011102122,11.433268171860544
2025-03-03,20.422056700719956,14.21849252141198,18.326590313548877,21.283456763088914,22.881721162665347,26.41260735678651,6.262701822700903,4.010225408528777,6.0594301272427975,4.584764943412548,4.9294445913436125
2025-03-04,4.405252550289934,5.76135258404724,4.7429046953146194,9.01069871031258,7.954934071428472,4.14088102726985,13.323161350845101,13.753602816745538,15.95442507522159,12.074991860770114,13.540728078553032
2025-03-05,15.390265233929085,11.67008435651733,16.725372826277656,13.419399704733856,12.813827050167019,20.155787116989973,7.875763401417576,9.408866110093118,7.586081647945976,6.351680346642277,4.798168647099576
2025-03-06,19.15871474411929,16.47571687485403,12.882393055243618,18.02605077489241,19.06948978165314,20.37889715250263,5.332304048530314,6.693071525377657,7.578410443583239,4.509321566087753,6.626877176622376
2025-03-07,14.100756383205542,12.092525798707888,18.33925855351522,14.930925300970491,12.462423374989834,11.215101796587694,9.182812088500572,8.90698958507761,9.957346689369633,10.265700287280046,9.365204827243428
2025-03-08,28.428634599854536,27.8138294864148,32.45373688868052,24.536105679907845,30.219221143077323,28.83275700416295,45.27368418502428,49.27216357769129,43.19442602818644,43.11787246272111,46.33861280060167
2025-03-09,13.051587632174407,13.072192396991518,6.059623341533708,10.778019044156778,12.354674150965899,12.69606146702967,10.762521676738606,13.042471905739625,10.729887252046561,9.481151689743404,8.47422872268356
2025-03-10,17.94661823349416,21.20005698271337,21.204398322462552,18.02119074474797,18.034372672599787,14.694406778781474,9.222248672259322,9.01913226491422,11.185016656809388,8.423684386088318,9.715626212931435
2025-03-11,20.753935833805354,19.021345553282693,23.91959238779848,19.8525712273521,19.94310555077486,21.82710414222208,13.701060764128108,12.736516343725075,15.039893146501878,13.687555953817828,16.29941392586738
2025-03-12,27.26885161936881,28.70929002803592,27.270188101931446,29.094074880766488,26.950493072660816,27.335159868918378,11.946772631520986,14.622826957084827,11.86626683467933,12.49874161734593,10.225758129320553
2025-03-13,12.854297776551798,21.0468994762225,8.962791910897169,21.152236619869598,17.968250794336203,14.523562892927417,5.824010988435969,7.839172353961436,2.04058221049297,9.908526669457553,4.048299573481557
2025-03-14,25.829430340154076,26.961482448443764,28.875114615149293,26.12684535840845,33.001728834457246,26.40948867894902,7.484837526646344,4.663983118997885,3.8928545638269116,8.629088961863125,8.908752460080875
2025-03-15,20.0536655454558,19.512196178660897,19.329972346563746,17.52852970734177,21.18494182668323,18.10035685441359,64.67519547659388,66.84683811505137,61.50858429733965,65.86705817067222,62.73709337351872
2025-03-16,15.092734552674543,12.75527959688965,16.739371084131413,19.347455616947236,14.792825213223834,17.397736529545487,12.541237029955104,12.232489960507246,11.520352616422002,12.00801100339603,12.074669063640565
2025-03-17,22.317462311919627,21.734467675658642,28.97506612780496,17.551006885958962,17.53055202925058,20.44426747115889,13.667502744660641,11.945679683473925,12.913266997273746,11.707771153265776,16.618968102645333
2025-03-18,21.017798140676845,18.35913710984863,21.7733083925477,16.85107362758952,18.736543541242725,11.718786572327032,13.643527855916044,9.685116137434719,10.692705053727998,12.58709982621648,11.896190072070793
2025-03-19,17.0458529795391,17.85183725959042,14.295198904383414,15.260542663595928,16.66564487218138,17.43181182340175,9.731432169256284,9.19359977986068,11.776457756648316,8.3107671888265,12.820316367004814
2025-03-20,20.42926123170543,20.739893647623607,19.422068246946264,19.580601070146553,18.28407156979315,18.76704005000346,11.087966866753506,11.063511696313656,8.560428712312422,11.872428217862637,10.416403382845244
2025-03-21,18.195862131275824,11.709204468522444,15.827526050552862,16.3386439217242,16.366159842660057,19.34225364446573,13.89621551183139,17.070870820051823,11.15509742769737,10.593652664583924,11.653812858153689
2025-03-22,20.741049519437684,20.685375502139483,22.04151867178325,20.646512546168616,25.46721794160618,26.737664727256828,78.8439711492049,80.75843876470228,79.0204426569768,80.0290385883794,80.05137945945016
2025-03-23,23.543987090067258,26.772426027987297,21.125784413817843,24.368212798306295,23.630359531282704,29.62720616951143,11.13917856082037,9.973405118068301,13.086988800806829,10.904699381948321,11.354674830072506
2025-03-24,28.23210922810617,27.034773671497923,26.813554961057243,31.438987833931584,28.58674520231198,27.736740461440654,9.019357660961045,9.79804244940052,13.129066900587379,10.486054126339122,9.045718182734424
2025-03-25,14.190439234046163,12.231748916811476,10.337148110823364,14.46400405557751,12.167867553031483,11.710893720307997,8.347155656603718,9.999654501949365,9.512245765610073,6.899339278295171,6.809719135566987
2025-03-26,31.130952370718564,26.997850051368005,30.734691354161136,29.44511362763326,34.66358654502732,32.88500221647233,10.14515535485741,10.31707013089184,13.304814792304649,8.342415925172919,10.34606125576164
2025-03-27,10.800366894239213,5.226390769366,11.330631274145361,13.844303053557448,10.16263101027351,9.689690118640149,7.937369645981226,6.763061327918818,5.513256342528102,7.124032207904339,3.802108537804526
2025-03-28,19.90562427965238,22.39967208084214,11.851260138299903,17.452477852461985,18.34303328419981,21.080953846693205,9.607252081690753,8.542907169203861,13.926730603012752,8.745953576183101,10.044781555260295
2025-03-29,23.71857237725026,23.174137388512673,24.497293061690925,18.82076414018829,18.97631992532194,21.735990090569697,49.466426080616124,50.23737222153003,45.74345717950515,51.07912290276598,52.060924480988234
2025-03-30,22.30304168312995,24.61910636914022,22.165940989839612,25.920909736843576,22.119735941875852,23.05511893119821,9.430016838452861,10.255977969502956,8.4223383306775,11.023626504566991,5.899159443401448
2025-03-31,17.91430427125138,22.508275504989786,15.619328424982996,21.33986400568429,16.258130265919174,15.47838181437095,11.345170880847585,10.759261649320495,12.466475920005134,15.155217047918422,10.531620448259806
2025-04-01,20.1254952320446,22.889238286775637,26.21138200485422,17.74860005543228,25.179234470095295,23.678255480139,8.233709391379612,2.9954049812729338,5.023275359987725,7.24272510234382,6.484429763083504
2025-04-02,18.847950528948658,17.220833564632272,21.72338011176292,17.65065396748588,24.37964660495451,17.07801745669082,10.027875257592738,7.446829803010157,8.173775073742071,3.332774064617551,7.005767189767007
2025-04-03,18.521480726424333,18.956083720397,15.232273267970129,15.770698090434545,14.81563924212551,20.50478833362924,10.418027780863794,11.657405624088018,8.246182722284525,9.599182634802158,6.312278940165323
2025-04-04,25.880118862290843,24.03580026682009,28.394829501004264,26.859991514986245,22.51365914864785,22.085817012734285,11.357604675464003,7.095928680752252,10.737162660964534,11.818920525880717,8.995932841479732
2025-04-05,23.589395691568377,21.46453030376339,27.32288991963155,28.785543565672622,22.760436786189032,25.93291726140045,74.41757283614616,76.78593486888059,77.2607385494915,75.8466342182505,73.93281960537335
2025-04-06,18.520335159008972,19.548780646216844,18.916397926861645,20.62898055479434,16.072221472826158,15.621182951204371,13.257599025603417,15.329913547880425,13.291249158179038,13.864807568170857,15.555873122540486
2025-04-07,26.671748869790356,24.17486722043584,27.75607498063233,29.778922797539455,27.323998596850497,27.455279290713882,3.6972434156442464,3.779436179510658,2.771115527176211,2.704688349464848,0.6518143960632354
2025-04-08,23.90735897288401,17.279904115617903,24.922398973648782,26.366543967957043,22.927488505627306,26.976961892927967,18.81325854150332,20.009120609960533,13.044609807146916,22.241587256334434,19.402044059775733
2025-04-09,26.64047094863479,23.97602726145266,20.383023371864923,26.640113502957508,27.482067970300566,26.04052225296445,7.386598707887449,8.444148064605221,8.320109117564607,5.319127106762997,7.825881881121479
2025-04-10,25.937729825538977,25.017086379476858,25.37712103498778,29.187751139272923,28.986010390479876,22.850229093301177,11.210170070062233,10.976423813329808,12.79020088801859,10.660880372938557,14.554095990208783
2025-04-11,18.866098855822337,23.430294349318103,18.14936032987025,21.101190544560737,15.673434324815814,20.3565363772301,7.184596269382454,4.436818034205315,3.784556733762031,5.024776587660838,8.326659198176749
2025-04-12,20.439654405228687,18.966842055614592,24.730121314908324,24.757991550688097,23.425288072660884,17.916710208269045,81.77494692437236,83.70949287449574,81.64100220492732,81.81410044855271,83.03214591043312
2025-04-13,27.214442727315397,28.750215000403223,28.215626318001018,25.835795903830128,25.028485484354867,26.001705929723713,10.829707457784783,13.644167480552053,11.215723838448877,14.007718975330523,12.228308257220583
2025-04-14,26.775100172840023,26.270175470953816,25.882267286489938,21.560765254203865,33.22054872028635,27.571488151327205,8.047859387964731,5.630678339480047,9.977062902572118,7.766007540167106,6.199395357326344
2025-04-15,23.87180138829135,27.5510168199025,23.601427165318317,27.00755443291058,28.734729287039514,27.953829496614464,13.21926203623094,10.39675202589154,11.769725119739993,12.949662332043982,12.073616989070059
2025-04-16,24.82371816826982,28.295007324661697,27.893874913152025,25.873026730087997,24.484477160611114,24.903378229668228,9.508117361194236,9.234523551679555,7.757396639024642,6.116193344439718,11.741853685735713
2025-04-17,30.893811733116294,34.422337048836056,30.34005774338035,30.005673432152587,28.00306139952617,30.962384262651664,11.641647814171012,10.389198622898112,10.728653217234289,11.067663442589014,7.540048102182716
2025-04-18,21.8235908867865,16.621640298534444,19.729004287511675,21.103132449864027,18.35899294776275,24.036129567655056,7.248520584411891,7.5384190648228095,9.817394689966658,9.549494684478596,5.883898439997631
2025-04-19,27.80036811487595,28.420540256610934,26.973261536113352,35.4644270925823,30.42125362109954,27.95148380489494,66.6195316341333,69.03551971385407,68.70722251847863,66.11905930281915,63.957913110409294
2025-04-20,24.344740138758095,26.621555939123937,27.16682857022614,22.418156181155283,24.253531839166598,26.25133073825679,16.010221801546315,11.518880925001323,15.967531197201488,15.374641373721692,16.478709885624856
2025-04-21,24.565422213643064,25.710037901411056,26.053916930436873,22.005512293164063,27.34602287089894,27.801022851831906,12.88889658734239,16.0514404905807,14.928449641718966,15.100325739028976,12.045679416720152
2025-04-22,31.453051614695646,33.362840592161135,31.585855534742986,31.7089043151757,38.06573852258256,30.469840163891647,10.922862266353155,10.109525382599315,6.185479852648838,10.295734040412025,12.17480321633059
2025-04-23,30.398712042236827,30.57376505509326,30.97332994057132,33.94018467615571,28.087563226088456,20.57368014049646,8.653237517170613,9.676795474471602,10.236545929357664,11.23734478162486,8.43524719574785
2025-04-24,30.65867264787991,28.42432002770033,28.979445227093464,37.49387860746759,26.968257916605648,28.204891367123512,10.202495607625027,11.439947283833959,7.964963281997333,7.633216416849537,7.110310967017682
2025-04-25,33.4449492292535,28.35365707429475,32.863101027925545,35.417044119422215,34.02262993285138,37.070995261759414,10.592697970517145,12.063380278912737,14.126746959308868,11.948405920199205,7.592962691992112
2025-04-26,27.35584495380692,25.419136667861494,25.365931988483368,23.54461872186863,30.79012378816381,27.254550609613958,89.89329549205033,90.01711170011032,87.76480606818387,93.18595390744125,89.88119845477216
2025-04-27,31.000602225578167,39.03493184649334,30.116264372678938,36.91319503773156,28.179221356220893,29.983211412794468,6.770018475467004,7.3611396790404955,5.064494144999714,8.785732270376831,5.227748540999748
2025-04-28,26.386155528113147,24.92920199984113,30.424690318993022,26.327749430881855,26.490029744390885,29.886510507722768,12.005223882827096,12.583267984037903,13.130071343089453,8.270676779556545,10.9399561772724
2025-04-29,29.911510613564843,24.03333993529261,26.677895179433275,27.398382317879935,34.02164159707782,29.607535864875157,6.731220705116042,5.470655103557148,8.049128974678116,5.454614222254275,8.60805154869427
2025-04-30,27.999586059708328,30.197534141895577,25.933433060439583,24.761408688410267,23.10095254423721,21.72198644246086,14.893377556845616,11.377267173971221,14.000713399311246,14.40947450753005,16.411442910580053
2025-05-01,29.50123001341418,32.06761003946212,25.738333424606925,32.010216171420545,30.20718389773148,24.98532383038915,7.685115032749365,5.246743377218975,8.427923101595427,9.705026026163527,11.280582713904082
2025-05-02,32.364202110474544,36.22617528093097,27.951475838911747,33.08069026903379,30.743892829678188,33.62014617292526,10.889884959028526,10.681409000032458,11.8806445896855,8.226648726605655,10.257213869548398
2025-05-03,25.675588018844266,27.088523529964608,25.11527227625839,26.710814149681816,26.048057791758175,25.474915194060088,58.34534037652264,56.77172706272987,59.13156968863871,56.307467035737346,57.06304710761691
2025-05-04,40.61289783115893,43.14970237455979,38.760070285756576,44.472407188374724,42.74225070291,44.9768672676466,9.24285986960665,7.673867724827581,8.43375003448986,6.032557009246666,10.07923779846447
2025-05-05,25.511026261452034,31.03167766597801,30.796093053828614,23.1045624869231,26.173451785116306,23.311220210039505,11.021800057299576,14.620302148671966,12.032222105470957,9.370199557123948,9.900211118819625
2025-05-06,24.866087909356015,22.62966743316967,24.017548270822633,28.96455179417696,21.83542070302045,23.93758562334463,14.305544647570155,16.023334240889902,17.118285457603143,11.80233133362553,13.24942242151868
2025-05-07,37.129151914274296,34.29759979800314,40.99734250456437,35.57167994589322,35.62541349957386,34.47564269509424,11.693208963679798,11.18905703185985,9.242232005242144,14.889020684072614,11.289005775816126
2025-05-08,35.704007366360884,32.4202477477021,38.60802679118279,42.19602948809795,39.983786307334285,34.142224833319524,11.066651889023058,12.410721780333942,9.386531817939446,9.771897347727126,14.372149800656818
2025-05-09,35.278798476437856,34.481489716955906,34.651936010765816,37.075015524417275,36.26559715821015,29.603086772676985,4.945643815538614,4.105106604356813,5.0001550802597725,6.327494399798631,6.353575425795867
2025-05-10,35.71771934270736,40.017986602182866,42.04812608896423,32.95700375337823,38.23867672546191,34.560665350555766,50.95572232856977,51.177169196942764,48.8432742472337,50.99166134300751,52.57336313312547
2025-05-11,32.937713447031875,34.52191855027058,33.7433154064263,26.861459197070438,33.688599377581,32.78210685572217,13.140760382950036,14.024017679787868,9.533952914495515,13.148682944799212,16.356469056566528
2025-05-12,28.940668747542233,30.406744605669886,33.4796965455542,31.367442914379268,31.368016952267993,28.531676220145183,11.709850916024147,10.87463898048039,13.89609686778806,10.526963276945269,13.514916836174796
2025-05-13,34.238867644819656,28.780943858825488,38.428658319563446,33.1163268168491,33.05042937500769,40.68752743601809,12.164398821355222,10.793897726281031,7.706822289302722,13.704443795616637,9.901587601085147
2025-05-14,30.911723221472933,28.832162739763675,32.15566717678728,30.445026137907426,28.609188281170624,36.41217695300388,11.906190796644692,14.3540544335817,11.101425401596021,12.214879261929374,13.68095552492696
2025-05-15,39.61547035152563,34.10849745293952,41.868862894943184,41.91405837904795,41.90656349906977,37.362771938642375,13.869269585126123,15.097495519522337,15.387158224643464,14.062757411004217,15.897779299356637
2025-05-16,34.451446587689986,37.96518395565462,36.323660833048415,37.48268806644195,37.83356861902666,28.319636503732198,9.215800225134632,4.706578468549198,9.749199804138778,8.028959004778786,10.519529930520823
2025-05-17,31.510498812563796,36.267438291221,28.07771451838867,35.181629834571666,28.767654880173872,31.212897753769127,86.77093768654807,85.43466582648485,85.99643895459016,85.91138583424203,86.38005393896229
2025-05-18,34.4865626646495,36.82526284637064,34.658433728008546,30.962038739500688,32.75872823037831,35.61609307916136,6.913977000612748,5.3514320012239605,4.71909784754283,8.091799235763597,8.006640412616251
2025-05-19,38.61777701916581,35.65741888194717,41.84051872099979,42.895461268039575,38.12809773447309,36.0363247990173,6.165932249690872,4.923656072066077,6.853667875986746,6.626043472781874,6.12545280709558
2025-05-20,34.198109459467176,38.64417694031455,38.77666841155216,32.460973450962726,39.05758327441512,31.765182557690007,5.068777853235827,6.7935824307536175,3.0919889763020807,5.315722482252907,3.112601100738927
2025-05-21,33.373089943798334,32.6133252137227,31.211170928302487,26.604340139553653,35.062496309303114,38.12075485173593,7.344509503000457,7.3829214390078395,7.876374675636981,5.836424519665362,5.885242212330141
2025-05-22,39.17379638128035,35.530418539022364,40.76029028671941,35.63847534070021,35.20153589168269,38.401141667844435,14.657685446468925,11.878426104757834,14.939520742938438,18.545900853519914,16.065131084267488
2025-05-23,39.654930668235394,36.761717904400314,40.107541308068,40.30900594463309,39.37598229346689,41.64168122532261,5.3418187965518875,4.575389122634656,5.643884614662159,4.382405317436241,3.530178437706202
2025-05-24,36.37354783642416,35.083077929648645,36.019925642679375,33.43710509818074,35.635911569172855,33.58263074286082,73.86395785357833,74.9474331488107,72.5833203352195,73.80345253012749,72.2408507666258
2025-05-25,37.03452480661722,37.18326036807134,38.1025326942923,36.770391399089085,33.51471613860543,36.86370343044284,6.120564029061527,5.681273997994018,10.190582247731106,5.746496771312086,7.627332949030912
2025-05-26,41.034562698964784,40.5505300640094,41.68855493096319,42.049320161552316,40.7201869482806,40.02554763806125,8.197078110989917,6.907726208662934,8.913491378730667,12.106500505512493,8.464656236720128
2025-05-27,33.12148844174243,28.883483187229345,34.74571114836019,32.57733223241457,32.25137612292331,31.095368725332563,10.50908137705606,11.171519934533116,9.951663528616765,9.927452151640885,11.663468011431515
2025-05-28,33.81504438842855,37.45499361598547,38.14019467127871,32.331981374858394,32.73014681757707,37.28094562299363,7.899652380384975,11.13603735926313,8.428193526508583,7.134968498433668,5.441616507278603
2025-05-29,37.75330590731952,37.30148814900899,40.10568867991363,34.001217718354845,36.53116180517409,33.58667487842048,13.268994595049385,14.191844260966423,11.720071307200765,13.505616891282724,14.367853609920912
2025-05-30,40.774019515417606,38.63275794660565,41.705793292035715,40.839850940063606,45.188200160464014,41.67418999195147,14.6019343625487,17.203817388612098,13.829325365592888,13.21485258362433,13.281878064727215
2025-05-31,43.89393897450438,47.22484606045267,49.48781414497362,37.69906681175017,42.802829626202836,42.82857400803288,77.67283263721899,76.51760420148918,82.45667250145803,77.89603207102202,75.6390646661233
2025-06-01,50.216598104569265,46.66637953976967,53.54638689221027,48.158603979411,50.36561127347006,51.46107155067689,7.951023008946632,7.934298786698511,6.416261396062015,12.694230169282172,6.940333224546038
2025-06-02,47.63065272588509,42.74398217516155,47.353457410075045,44.84730039870281,47.454358589054905,46.60592282923002,10.177426366817267,10.120322397745902,10.021880966288434,10.77681747791945,12.90155628067222
2025-06-03,43.047172354124285,46.8646346939205,39.39581114706557,42.32904179959754,41.53212180302228,45.648751539881104,13.378351078046142,13.615709246181524,12.46614137854661,13.904842921499306,12.649442808148258
2025-06-04,44.25811766518924,49.932281213840255,41.294625622427844,43.61812826726143,44.49663186229233,41.439009870432784,8.637267174540213,9.518306387302045,6.557999288890654,7.2014573887217885,13.040048599116083
2025-06-05,39.84855885136662,38.46227079541242,42.64825619631352,42.728428874667856,40.04461063965991,43.321218426392555,9.94019381426257,8.102255572153013,10.782363794702182,13.358608122968496,5.815837604766275
2025-06-06,45.27816970010962,45.140259676358184,43.38723226235068,50.02860153185842,45.51743928080727,45.19176161608636,6.529767324844154,7.824432695871111,6.602711678152572,10.407832726440112,3.437211486881329
2025-06-07,44.43834364200135,40.998349498438635,41.41417721066551,41.08500712129044,41.860644215712085,40.45283605495598,67.14297937340028,63.88720749548985,68.96503399140013,68.8483401250543,69.7913498476914
2025-06-08,48.00735145470986,48.02382910544004,45.733095474648266,53.985849330519954,47.38897793295194,50.04799782241833,14.336154068748801,11.664640743735438,15.95730990940881,15.643820514873559,17.487363187060268
2025-06-09,42.77079435881532,41.34367856762173,40.708641422543224,40.432907560251024,45.051759984864894,42.17424512826237,4.527790378321189,8.799042580667649,6.329205816405181,4.058259675443555,2.8008759039444024
2025-06-10,50.01778860908246,49.71140328897746,52.56973161242921,50.53536895785173,49.47833871494234,44.894274830663825,16.9858570252647,15.965615546306948,15.149450279562712,17.768532186953944,17.12364425871041
2025-06-11,55.59962176094327,56.827396923735,55.129395533596444,57.13221072838822,56.08496749874705,56.597026012219885,12.175454198145225,13.634492900117628,13.457375796551418,10.50513898842021,13.599834035151778
2025-06-12,47.907609241018086,44.61317280692555,43.790485440119866,55.2413574987656,48.40872024319715,50.927396386851186,12.039919226550268,15.43650001140418,13.370462239130458,9.787691274992788,11.581167851820759
2025-06-13,50.97591026181234,49.89047624411464,51.06904495509941,49.349063248524345,52.22809565401409,54.82231748289273,11.72640600248329,7.097493844926339,9.684280006069578,8.751686169031805,12.026140185258846
2025-06-14,52.934319273880504,47.52297500854597,53.60111767122523,47.54410523494634,54.61027201892193,51.799263626081206,61.56204459795245,63.81453695826387,60.92481211349797,62.383392544502044,61.58391062443883
2025-06-15,47.99389764057084,46.92893578823098,46.55588705624829,52.46503605114979,47.47144581132318,48.42985180654806,11.176253589102608,12.47414080162115,8.264029396144672,8.419504644461231,8.213359629797026
2025-06-16,51.6368630937271,51.356560880976104,55.1045183463052,49.1367424173408,48.90285718445081,51.78847212210584,9.433309936646575,12.714104498512654,10.772555201407144,8.43403913042161,8.743987364722539
2025-06-17,51.09561035259136,51.782557627774594,49.8327936955145,50.01084461086458,47.43946436656673,55.56501824730542,11.659219829321438,9.296173505992185,12.989264768209386,11.536761078917484,11.683950019594503
2025-06-18,52.03697050944174,52.755700130531366,55.361983569353185,48.68372154766321,55.09002974765082,49.605504762321786,9.898940419273853,12.801449733183079,12.759666017510563,11.889521218317915,10.105184087489965
2025-06-19,48.19902388479227,50.91079213700284,49.9893722238172,47.122912565645514,50.509775228705465,46.805045528178645,7.148955450694795,5.670126587489414,6.691358435066104,5.992515117452955,3.687943233456614
2025-06-20,52.7014948334181,48.08249527559814,55.48131135755133,50.18032022480178,54.649588886430685,50.19733390506868,7.388282151214732,9.497837779768044,8.291221324342324,9.614826776693516,8.895669950322754
2025-06-21,55.583042379650294,51.12421128979941,52.28738985723111,57.612367829134605,58.016652963238315,51.235590810311635,88.00229875783246,87.93025668632359,89.97776895988308,89.88061658412083,88.26128606362465
2025-06-22,60.86195938595578,62.44883319513334,61.156889962670085,61.104334275121715,60.377291435078114,61.605320929112025,12.912702195802929,14.454239808673206,11.404919138693545,10.770085540460979,10.801929753119461
2025-06-23,58.914717293823976,52.79783346280773,58.75623328009967,56.87155181197994,57.04008804052732,63.71861228915674,8.147660162622707,8.245398529233013,6.3357298799873085,10.393311150393258,11.745788630670013
2025-06-24,65.39517690748622,65.94507754380119,61.12915733276362,68.382792837463,62.4539546780921,64.79972353194104,4.263690516745419,0.5848873483719612,2.8179201145930897,3.6965282724623476,3.570521353507781
2025-06-25,51.302056511004075,47.76117769223439,54.617238700412805,52.06704676302787,48.034006521247576,48.65636664637467,11.190515997546417,4.949427951658823,10.491925061135975,10.19261375009458,10.627221233036556
2025-06-26,60.00840447890072,64.72684840165226,57.556201788178676,54.47025972756855,63.64488054455172,60.568983585596925,14.543552687768745,14.963383755735727,12.80244397647644,13.984846136942094,15.826971178151398
2025-06-27,57.06984502475032,57.821202247933655,55.241141538242374,59.82895496700323,55.59041045748788,58.83719956106829,12.31924956753258,11.791779492269884,10.959594147610133,12.312238114015232,16.087251842672295
2025-06-28,67.60666005621333,66.94919199707414,64.56671254942015,68.16126370777123,70.77123726384599,67.13757064390362,88.16082325278381,88.9572651556244,89.9226535908503,87.33073405190855,89.52290244487286
2025-06-29,53.118691553402726,56.801854184820264,55.222250531613845,57.29088901617735,52.558034062260774,57.329297549265256,5.239564853214732,4.735257921527583,5.046871590226147,3.560181532492238,6.891784526602473
2025-06-30,53.46198964258172,50.27178362286887,48.884200486263936,53.83374192160966,51.43326601785445,51.024903959719154,9.597195689927469,13.63335045536311,10.21059243724634,8.094684502538122,7.593951958946674
2025-07-01,55.16178149880303,52.5415525965396,57.01540590019673,52.78665344710024,51.8786871061526,54.30087258926594,9.52232836570987,9.983402621366478,8.420894789472719,9.800213985117901,9.696247769784208
2025-07-02,48.03499436486922,44.250629863903896,51.168536323599604,47.42210836496371,46.27053129390597,48.92295807939811,7.092401169058702,6.198505713893371,5.859670310694021,6.771474065424613,6.02787771671555
2025-07-03,56.518861631284835,53.92374395223786,58.13039691416212,58.930619623926994,60.77357798000371,57.697752889138314,11.653111906727613,12.327838039421346,12.224223685808408,12.70773129352674,13.061371602826165
2025-07-04,55.842426543002425,56.02577337110459,57.980311994541715,53.530215363899835,52.589796303662986,55.984110819896905,15.539879502491418,14.682529908728807,15.792004158498228,15.644605296897941,17.13381109351127
2025-07-05,60.877655920204454,62.359511536185614,63.15629532893858,59.55676555888178,67.2278963846434,57.04239615313301,85.4016716950962,85.58753216332417,86.95764505171233,85.55569968706371,88.66813072813608
2025-07-06,62.31906354417695,65.20332860027958,59.47079056399966,61.653997804179745,59.797241261768015,69.33309775679594,10.481428620996537,8.046468246524867,13.084614617004522,11.667053090665112,6.164744787218275
2025-07-07,70.47259048279963,64.99841834209741,74.77679542179266,67.024475652152,72.72244039475336,69.76468073766134,7.188315853498532,7.171145449779321,5.805491444945722,10.0261519973239,5.927159528865891
2025-07-08,66.32202137823846,65.80643241884859,64.94179261583797,64.05305110435273,65.88626749547349,66.65282393399244,14.192244109181116,13.236539317110767,15.914613184708678,17.110288805764895,16.7927419976852
2025-07-09,59.16012139786719,55.83562780429478,58.96095854509727,59.67777197327976,58.19844265028863,61.01040467738613,9.77456749956995,7.52909424883259,7.614955164183623,12.455380339798385,6.971507805704912
2025-07-10,58.023734721627704,57.407873447163404,57.02582276657483,61.63116796458673,54.209472390252294,56.114218633679116,8.263110234417487,12.214581970562772,12.410667600024055,10.004008573900101,9.874412300204831
2025-07-11,65.44286363404547,72.44535437442659,66.91748999667739,66.3943045881769,65.14768468579175,65.6136428966578,10.191065180954848,8.023594441074515,8.61845707467819,14.361886425139144,12.459066182584348
2025-07-12,56.8457142171091,57.721299503109144,55.23160248769683,56.70813043900203,53.370856228011085,54.814143504149214,65.02314086123796,65.03706930812184,66.40440200075147,65.89878839372511,64.96646117050504
2025-07-13,73.0638019563573,75.76219686980204,73.26454912906941,70.56998963450036,68.01907065705497,74.31045418077998,10.417646225934709,8.812030156037194,8.243165548445377,11.068737856578853,7.574716851621657
2025-07-14,70.25921580708007,76.14128962356321,66.55318435564206,73.54469704224076,70.61801184173241,69.43114786141336,13.618460187011774,14.212539128771525,13.314278414718176,18.106302738017874,13.375420830611297
2025-07-15,62.46738824427579,65.84946297380006,65.9613838697805,63.767904744116315,60.561118923768525,63.273543826189794,11.151914657640587,8.603144388702752,14.24338094194762,5.699976957441635,14.069277332558034
2025-07-16,56.694455670108745,55.350712231047794,58.70667850795935,54.57426637955103,61.74750121848369,53.55484363065194,9.148174567352395,10.828888215223497,7.51276626338025,8.720381590063758,12.226209317863226
2025-07-17,72.47183009179356,68.64433383208375,71.59505080608825,75.16777546784826,75.47189523707203,69.98508078977494,11.20357664898067,15.275889021698353,15.611948984753116,13.70856810728067,11.61933740253605
2025-07-18,65.5674559198859,65.47702311132335,64.16000882980848,67.2461871044173,70.65975246389621,61.4720338893155,11.498911303377872,9.819832829176534,11.48836010915978,13.459437208821239,9.54443592594835
2025-07-19,72.76214095489587,71.05902360223982,74.69602569384897,70.32154990679716,70.71949224137218,70.63055071691724,75.62240558566283,78.05634331102547,77.57383066162816,80.7537087353341,79.09919997376166
2025-07-20,59.028914394761685,54.45535053490416,56.9070342528538,58.724779625969084,59.437327615155546,51.308341663667264,13.448259184791144,12.684500495999764,14.254148331798351,13.663230621453982,15.090104943010562
2025-07-21,64.42713308884514,65.14990808071354,64.80322903614065,62.948814904116325,56.56512020980198,63.50583247178166,9.097287941915923,12.108870184068094,10.011368073108658,8.235652737139532,7.274268004562179
2025-07-22,67.86801910741383,68.66567800159183,71.35221546970804,75.76863292750865,67.02261196535366,66.26529829152506,9.17403032948371,13.551028301675693,6.3218028951975,8.509860836135319,9.859068271764725
2025-07-23,68.48920907227746,73.79655917306732,66.05543771486589,70.08444372165444,68.7847041163515,68.94194196315267,12.254127961227837,11.78671793781092,11.308422375271745,12.890264286950332,12.847624923184153
2025-07-24,66.41107509582982,65.32578588931938,67.51687758319042,66.97136126037454,66.87321932893514,66.54489826913269,12.241495672778743,9.200963510989439,14.63344859774615,15.484790864681386,10.967905469679629
2025-07-25,72.17721868844278,73.01758285535112,73.12439448924926,73.59520785667291,72.05011345681775,75.948457993886,7.897504963401743,9.793673738273922,7.208862559861749,11.165786981172726,8.593718592831165
2025-07-26,64.12078468413647,62.124328440065824,63.82877422814842,68.25827244872896,64.32056239939148,71.9037152384588,70.4573997014384,70.90623411732663,70.73506386687403,70.34537035777106,72.66977337768617
2025-07-27,69.13714112216188,71.75664941424228,67.62577236985007,68.88700068884648,60.99741321967164,72.54975816161378,8.318655545531428,9.32223788108671,5.223811288793126,8.824672518887011,7.726157148002948
2025-07-28,70.83478672354785,70.46093333497745,74.479177894231,69.06505882995059,71.60345223179378,69.47546395542258,15.458719140095965,14.779029056407234,14.383565258094476,14.235515981690238,17.875257323272074
2025-07-29,73.18377718700376,69.66600236044553,71.39107127970286,75.71662687129601,74.63409686279387,71.70360493787409,7.515418056202709,5.7464324188813105,9.76149665146564,6.500986960991618,4.004708917562381
2025-07-30,74.54182420199385,74.50140873699837,69.10570749860499,74.01699050398992,78.5559004098804,77.147813329061,10.71843238511769,13.039128747051638,8.153173521263811,12.810946811992036,15.154966371359423
2025-07-31,65.72648820926389,66.8980569019589,67.648088984157,62.51680222202238,66.83270238709468,60.6764541255454,7.653947089277178,8.293527078389243,9.088105163269505,10.85836986674053,7.768649629236542
2025-08-01,64.03875029519925,64.80457045743994,60.43484024589575,60.24469099993107,63.64653909505954,63.09314151670881,16.668086887405224,13.780972819037773,17.023643164575194,15.273519526465595,18.814128877012468
2025-08-02,78.45089479841211,81.58858494489972,80.52653823297737,83.0387844509307,81.76572056510503,77.73643599328054,50.865640834070355,52.23939128047614,50.393729862023996,51.35155353833306,51.302863807139765
2025-08-03,74.0707326907946,69.72656357467253,78.07544243432493,74.46566639155246,66.99873001699616,75.82312714525104,11.573088241758732,12.545425437691733,11.013239157114718,11.086932129600317,9.926043008044779
2025-08-04,69.0067415715741,66.47851380152927,70.89599120677012,67.23803941959689,67.46189597969267,70.84834060999644,7.7952687565666015,7.1446709079194735,6.813209360410627,9.523012075670614,7.722515509247593
2025-08-05,80.83820468413076,82.75756667951737,84.05243858979323,80.13519995100457,78.54077474395463,78.60452306295167,8.937677075656039,12.177303544140683,8.133735131542114,8.160645030943128,5.118735039853525
2025-08-06,73.98724870358755,71.81144176970435,80.0473960243765,76.4095828576126,73.88368330409362,72.74413071847201,11.360613501235527,10.124267176540998,13.22009395085784,7.507703622316431,12.737387362661146
2025-08-07,79.62485562302247,80.3462693710131,82.5251370108493,78.74463907549634,73.02877718633498,80.96016838752058,13.673753312878429,13.335780316568744,12.80966568438888,15.681134735102432,14.06128247016807
2025-08-08,74.37842505229084,67.11918931005555,75.37014523016714,70.03016586475859,78.33733203902199,71.98166308453455,14.870189686897136,16.407485862833532,18.48537033128175,14.263222427183658,14.487075369960648
2025-08-09,84.64991139463078,92.79775111156943,89.55175594520172,85.62743395107455,83.90048169557804,88.26826669895362,91.25483489303318,91.40836079369463,91.8538998991196,90.85594746125706,92.76023403518445
2025-08-10,83.42100081128844,82.61184521661643,88.6853274458282,87.04604426400913,84.37739088476523,85.24852651160916,10.803253673093387,8.034407364376515,9.650729815036843,11.674429506477065,10.878300196279772
2025-08-11,73.69029804857888,77.27216682854372,78.99661339835714,77.11469100249563,74.35957172375856,74.20482669316341,14.378480810150565,14.746079556137424,16.325212715121793,15.084148096455804,15.592140554715714
2025-08-12,80.0764069238061,79.06571344705563,78.5999763782181,78.39841710939437,83.86387660843695,81.24922871864887,4.9440671837141785,4.115287599783713,6.191859069867332,5.856310501218956,6.868700341474467
2025-08-13,78.72139249375157,79.96548807994422,74.65933741825636,82.5289104631267,73.13554208912943,77.32072064292916,10.943150482164542,12.657142971997068,7.634797601709225,7.683684151672152,9.844694203173745
2025-08-14,82.60607653593581,87.08183547497163,80.94649998563115,83.24492645695068,82.94304003234525,80.72720226937295,9.993748607739448,10.296185295729728,7.924805893704373,11.106366631812433,8.322928042955798
2025-08-15,71.19907333898738,74.69649139661253,73.3099981863669,74.92251537062356,74.63760812110196,69.9249066905712,11.243625443139365,11.432640749234146,11.01278484073454,7.425512742437096,7.798505293634426
2025-08-16,79.70700845431948,79.0936435152638,80.18448529031579,81.42806954432714,79.4130491141574,81.20690853109903,54.52401946996864,52.42751714253054,51.35680360112825,56.06314975753066,54.76914106762436
2025-08-17,81.81414773254885,81.40838475636777,81.1947047770183,77.24935720465083,78.96033955313393,82.41719267467481,5.693143515359679,5.233092899531669,9.874203319302904,7.9299060795808405,6.5973380922610545
2025-08-18,67.96574296167088,70.97644264222075,69.64718715808569,73.20595977419592,66.15407261470352,66.69759958259276,4.260680724462925,6.200882912488232,5.905145088541608,1.523640439012492,1.613449927484846
2025-08-19,71.0726335262384,78.0723667390943,66.6602182812186,71.22798507983526,69.8938075208192,73.32137875616137,12.929151860386309,11.376079171303568,12.902486166313386,13.586017841549408,15.76991155644301
2025-08-20,67.01425349527858,67.59110151847571,67.4377613913532,68.74463496702003,64.85110340670961,66.49241422827012,13.312147409450061,13.247046963274633,12.626734302223534,15.426505668678926,11.667476466744613
2025-08-21,76.07680547333722,81.94799639496215,79.43217840788085,72.04467158792168,75.61837212213514,73.99687323656971,10.908056046987957,9.035163943689938,9.70872873826996,10.01004880624489,6.701055863536955
2025-08-22,81.21684991047884,80.49260667921823,82.86479684415353,82.73282941071304,85.74159212003384,81.97987443837441,8.39755495093571,6.029869668832372,4.469490634993891,9.744827682352955,11.387200750720364
2025-08-23,85.33803576785603,88.19391685838544,87.41346523335721,88.64681896608401,83.54594147124358,82.29894723298752,92.6427300106429,92.47301192066419,89.17698270735164,87.07191826519153,88.69670001067321
2025-08-24,78.38559076678662,81.68905805352848,83.17770913664417,84.19155177658183,76.92256884394962,73.32391951697952,11.690036387515072,12.037638717269749,15.492277850050286,13.886428624001894,13.618393934281922
2025-08-25,86.33875946611332,85.108877954555,86.14032961149232,90.53995885049916,87.71810121826425,86.32344573941752,6.697662151489945,10.685388029955135,9.844861429955115,6.757650628876297,8.13990119324165
2025-08-26,71.46738433173981,69.22615009383489,69.5081093476888,73.13005844357792,70.94292323984818,69.49514295060716,7.866104125718387,6.955183358025969,6.714548615870306,7.350445372446322,8.50521232815814
2025-08-27,70.01478329207883,73.4509508577209,73.58332842007395,65.38165123203368,66.02722789204418,69.25232023406929,8.240307761311845,8.13996922604408,10.05630607367676,10.208390667120806,7.194757864878717
2025-08-28,78.40930630327406,76.81463549154489,81.92266819637585,78.80612467476632,78.225740989937,75.50910754884072,9.407394322909097,6.907247286967247,10.42023587290316,12.86597367435705,10.412988911960252
2025-08-29,80.75422076086556,78.07117102283935,82.42909578513296,78.97669206522677,80.45754646367479,84.38101717997327,7.722878658374055,8.947358688187883,8.971454571671739,8.69431034108205,9.819848405783157
2025-08-30,78.80872438917518,76.75684588377788,78.32761138742784,79.51365801362392,81.73575942548965,76.82424615739077,72.40066496087469,73.19685451958125,69.55030943187329,75.61809272697248,70.42904396792375
2025-08-31,68.76470715534583,67.1578671400696,68.76884610836979,65.11572965696054,65.84824996073785,67.4687090208334,8.134545098480826,11.111334453863684,4.518189253420506,5.027978593426867,10.087292444439793
2025-09-01,78.77741345760867,81.34726477148571,74.94709460121541,78.14691273423297,81.724371905875,79.91106326035838,12.104119194517668,14.327363497535085,14.469307912657447,13.4360168701858,13.965868218392156
2025-09-02,72.81310274264544,74.35823076247401,76.15194233326704,71.26155349122723,72.51961030634561,68.68325984767739,13.093188741964159,13.796002079648725,9.134592135890498,12.829181036255614,13.679290923807269
2025-09-03,82.78755685229848,84.93453158657215,86.02051078088591,81.14305778439073,79.46373183955349,78.43590753255236,10.325628028085315,9.385485028907915,10.029240945320286,8.749189818652681,9.249678271923091
2025-09-04,81.367205733047,82.63134516634125,77.43215748164666,79.75249717507354,77.44087079681621,82.51006424012724,11.387879006143308,11.79721588192343,10.652474353707733,7.530516136417623,13.25879373584086
2025-09-05,74.9210843401828,73.13956385344288,77.5239805919012,74.51352019101807,80.72424992390839,73.58624144879629,16.35356784887767,16.131540924614146,15.433265925524854,17.577141946882996,17.370193761202717
2025-09-06,77.12864026593712,79.21994883366193,78.34094523096415,77.98722454308118,76.6488921974308,74.42415494525466,55.73883667134703,57.64563173782299,56.36773831592834,57.489416778180086,53.706917344957894
2025-09-07,74.4705986730932,78.01796015290911,71.40467634192082,66.97511790947885,77.28011102328468,76.28071819193516,6.299595696159683,7.9520586760846195,4.9444108366027795,8.983641198146177,5.564884078623187
2025-09-08,79.5131417204527,81.26665136881063,75.89514111723528,72.38384315143911,74.38878353662831,77.07737674312871,12.084993702330625,11.492162815021114,12.87646462726072,14.437974577600688,13.723103579172024
2025-09-09,84.65328148692157,86.00224920679912,85.77376129512673,83.63720746715595,92.56636615081328,83.82974458827479,15.839628512544296,12.915640952890541,16.121939341926687,14.296209138427557,16.068789746745985
2025-09-10,74.99111896156695,72.68995544185492,73.7980066198462,74.39781182745011,77.67085284666834,72.30272755764942,9.218504314183832,11.885278914624681,13.415969022284681,11.799915344808094,11.390470103074483
2025-09-11,82.47329521225616,83.10874644917959,87.93314176390517,83.04062886206799,81.70697456979053,83.38360677100563,15.180501526656283,16.344249440302693,12.409682743020024,17.97319653447997,14.49720813535949
2025-09-12,77.3262122453283,74.8654882569822,80.18400742927503,75.14319518075963,76.40771467176178,81.32244082347863,10.28930115638047,9.650321015235132,10.347839124190124,9.769333305875058,8.28951057188427
2025-09-13,76.028690898085,75.95660732384319,77.44977030828169,76.05708648015305,78.23248528299399,70.44557111008865,75.05238552280066,76.138132219008,75.9150757225562,75.1092420502241,79.4395907540208
2025-09-14,79.46457039231291,74.54377047463696,81.03380740432009,79.84414000736707,81.49611545248806,79.80254345856484,7.0279228340868904,7.177645446586949,6.515117723022298,5.159614419987807,3.666132668593909
2025-09-15,74.82128814754527,69.923612938569,78.81388968864678,72.61761385694886,75.36887598873759,77.39105347320432,11.888240754660362,14.52547660709931,9.214090538884687,14.850013335967027,10.888561559857035
2025-09-16,77.21814189388482,76.64499882404372,79.75769616906683,80.25850935910812,77.25077816849151,75.9537086519675,7.25512279665191,3.3955623330418563,9.769328357962298,4.231548504714038,7.814618798051878
2025-09-17,73.97700200460676,72.3316829891258,75.47630132009483,74.50796093897195,75.66020325668451,70.5838748817191,10.243830528301084,9.44944859527422,10.917699188589188,11.313771873028623,12.215998311256506
2025-09-18,89.76114049054371,90.08150207096622,86.82035696165119,91.40202377693358,84.53602983130318,91.02403107192592,14.750395076152282,17.94850410710966,12.216601650299094,13.556736699920856,16.043293813236804
2025-09-19,80.07608481248376,79.6717790751384,89.26192570870242,80.28262200633532,78.962260674641,83.08104532261505,9.07965882138589,10.206055628320513,9.95699474650241,6.863953182272867,13.702176831271647
2025-09-20,76.354531793058,76.44510415468847,73.0449835211333,82.66555110224316,71.41394021817946,79.02609832599441,97.58932021775212,101.13453355438054,100.99245235785783,93.8398636566293,97.35412331243586
2025-09-21,80.86760503169354,82.69342735876377,79.92997682039305,82.6567962390465,82.68138206580106,81.96533304543803,6.35636953082078,3.9127553444938514,6.28373766398894,5.925557274878794,4.610403008119726
2025-09-22,79.17178167134949,77.781974804367,74.2075968421195,77.70780172272782,77.14433975824953,79.46552288417541,8.3982726960496,10.542666127926575,8.393847357108477,5.86910246685379,7.958880647616701
2025-09-23,78.5554797093041,77.8971482743695,80.17187418561188,81.0183803624093,73.84074547326657,75.85844204315119,5.7785679213552505,7.803016768262916,8.91457798344189,5.891406827902859,5.138614862653202
2025-09-24,82.64927799913202,87.01434166742152,83.10260931098645,77.73646324676201,80.26791842707512,85.24501285016385,10.218990267920073,6.855533197262405,8.278222304417566,13.757664914721323,10.082399973339795
2025-09-25,83.27533510963599,83.28458749011106,85.57116442473027,83.63413589763731,83.72340371403334,85.70520554969352,12.340234539149748,11.74922996008358,15.79533862439111,12.739249192027524,10.375258293351187
2025-09-26,76.73590501131207,76.1982735874359,71.51870811799877,77.69338588158804,76.12021986364464,73.32173005534626,10.225561262818559,10.012503052430393,12.171383403555033,14.220122267387856,11.793673339319273
2025-09-27,76.40122531574767,76.64876341371723,79.73994231789047,76.79428760198375,72.88175563864935,77.49466449928714,90.29239450038853,87.05328244285371,88.44395657242849,88.32784799343221,91.03405491906095
2025-09-28,77.78828741311361,77.30419429408502,75.36598120870477,76.78695080059694,72.67368160792176,79.74675903967297,7.75246227811261,7.203257625071732,6.415924278424379,5.190580678113914,5.224700619964388
2025-09-29,67.528527667044,65.39981078818433,67.0815120689524,64.49170759653296,67.7503260281355,70.17486898327053,10.676028261067202,12.422394542624414,9.626402593702624,8.621997084610646,12.612078412808371
2025-09-30,71.32816114593172,68.33407163439256,74.12287495197491,68.96012010977883,69.58585682568034,71.10319228855005,8.417592029158431,7.635745910108951,4.750463601184251,8.287390951647822,6.794628955189421
2025-10-01,85.5959058468415,83.30561182639148,86.37970589923721,85.90213059558366,84.82166371724935,83.02320312440307,11.085029756270966,11.56929606761902,11.605973254412728,16.530927131719572,8.71939875166239
2025-10-02,86.83526846641979,89.45402602673215,87.83109613642038,83.4947107691358,86.3562129039549,85.32891992682765,11.511208138637278,12.009948704092581,9.75331413214157,8.186978711534396,11.685865546480576
2025-10-03,77.20566720258326,75.31595143842802,79.60320366229945,82.51617004952507,78.49586426410922,74.18391762721538,11.747187879952188,11.722901057674655,12.340290522814799,12.986514116277037,8.231500981153568
2025-10-04,81.16561911699145,80.70084531148262,82.45199103680763,73.24292607896034,83.70645862230118,81.0124371216465,87.11627437836567,85.70591033031482,84.53438787771523,85.7163437062846,88.29528047812018
2025-10-05,79.66269116158063,81.76490001697931,78.63936745393447,78.69237755894682,80.10221876445596,78.92203497187455,7.330761694640294,8.64838964440809,9.176788168429292,6.883155592538367,1.6530810330739074
2025-10-06,93.31612197341558,92.48094846098265,92.81671458870989,93.64729089073867,92.35473432413664,99.7512312357217,7.8871368754264335,4.7130693523744505,9.362388735687437,5.371097052893759,5.828411495449158
2025-10-07,83.32659622296569,85.22668016749665,83.96223225892116,84.84885900646556,83.4008868372531,86.01062765028009,9.283357756400209,9.300534033416573,7.871599728279779,11.041634404479288,12.433632398576032
2025-10-08,76.887920824378,72.2655416970854,74.201252543739,74.14014664259072,75.87020992259913,79.7965650250453,10.261559212619291,13.032531893655468,10.980857528383522,10.173708946709047,8.888240794272654
2025-10-09,72.54043669982437,72.14288666119867,75.52846267799038,75.943321081489,67.612776638925,73.95449417230756,12.124267365570029,11.229520865887599,12.290108484189188,14.29917446695836,11.101096955157432
2025-10-10,69.06844246845266,69.30513075824818,69.93440426087511,64.88694933701389,72.34428098232138,67.9664895284471,7.4557039019823055,6.001061458977751,10.42030287428813,7.8061942900474275,10.00303401024318
2025-10-11,77.8924969013834,77.9619130706779,78.1168257051493,76.19411113556069,80.6028134888468,77.06632702492918,78.1361104424306,79.58714271998136,76.07115250664086,74.27286248807685,76.55038323228597
2025-10-12,72.85996595246328,67.90120985894663,76.43745562955769,74.72220861830155,78.82496793320507,72.30835805301342,16.467229489620372,16.794093010794636,16.16263353263208,18.6603150815708,17.994105852399326
2025-10-13,69.2890975712177,72.89843551051011,68.92875664158359,72.40966326559595,76.13059549065052,69.8537973893211,6.6056409380427095,8.096535502156575,5.324273664627164,2.5796396734233484,8.954017268161351
2025-10-14,72.91832514006701,70.35430630515276,72.37106214860977,68.70632125092372,69.39026474330873,74.08583457073736,12.508971168986655,12.585968140377199,12.59860756318699,8.76916580315383,13.466031797286462
2025-10-15,70.48652382342536,71.49163519921277,69.03263753141347,78.42163419467083,69.48032406228887,70.48864970646693,10.093800631746024,5.317215730243666,11.16034783731321,8.259395271482752,7.2040059858175045
2025-10-16,84.06537326785764,84.08926611579963,85.09457429463545,81.37289857835601,91.59999205846806,83.19357783582824,10.75391692241914,13.113743743270538,9.450302166271722,8.946205838514468,9.545945203987388
2025-10-17,79.76567050533917,82.77679907677121,80.69102083033371,75.82912307275582,79.64401865859247,77.98332361387521,9.995348482492291,14.135401247448844,9.267136039713867,12.787391213255257,15.422588037550286
2025-10-18,75.03790117597602,81.60036766409864,73.0390485744463,76.54604585129579,75.77053388361627,70.85995490262626,83.45930258005124,86.02738459372382,85.39138417616597,83.11698980655052,82.4782552749881
2025-10-19,82.19034665616743,78.31925320253893,81.65726472482723,81.14546629542306,77.6269568010837,86.0404841513074,11.391916848770377,4.314201398630858,14.106566172623262,13.886687432719704,17.364575599923235
2025-10-20,74.88298308161558,72.93624143779809,72.90417627605788,73.39482614399634,75.3338489763459,81.49957178641182,8.684238381228113,9.586414806239246,9.67127045163387,7.548403424056207,12.1021664852879
2025-10-21,69.88797738298702,70.45525486450417,67.77337202154055,71.67490955569617,75.68379850726429,73.48598772577176,13.498908241710367,12.565416620560276,13.22298204422405,14.134200979731638,14.537047320454809
2025-10-22,81.50110629982676,78.18504634716838,76.31141280464622,76.91921922854333,85.36098373013735,77.72390942203452,11.705323018768462,9.536835511545044,11.239129176694163,12.653407641792874,12.299791563763495
2025-10-23,76.26404587078473,78.61059369465201,75.57131510974006,71.15764267086062,74.4340920062291,78.6250955797074,11.79878233984448,12.044246663121026,12.895034997299062,13.19091317399858,10.869135629590279
2025-10-24,68.06029046937896,70.59040833585013,62.953650671138924,66.26802037394927,66.8713413696737,71.13161937424141,8.47863081983023,8.180736230030789,8.934164822639973,7.5487784709985535,8.300805638023306
2025-10-25,71.96496499329824,73.64331222128335,70.5765179342797,75.19867021165821,68.57226411581544,70.75465189743416,91.75071836699897,92.76803397555865,88.45276669121637,90.99500858942918,90.37327005395042
2025-10-26,68.20191355903647,68.91165881166506,66.36382962140364,66.53974767879812,65.64842413828735,69.66869527795356,6.436261574073805,6.549421952684714,7.581032038689611,5.840000415542118,6.3090087664346
2025-10-27,65.32266167063621,69.43178800454555,68.47834684243303,70.12013172422205,59.5920258842768,63.95375257306835,8.940951829823312,6.699327616045359,7.219812250978189,5.636127049229704,6.216562047058007
2025-10-28,76.51761436025288,73.05073791524629,73.47280994132396,80.12065864376855,76.26315533627366,81.1044013446941,6.890272250931108,5.737068697445166,4.056399433979804,6.722468524394515,4.0587302248194606
2025-10-29,81.07739061262951,81.27319519865718,78.79383145818609,81.92622916615197,85.60772265242075,82.17350337927546,13.939205546766143,12.46328843411611,10.602515770548692,13.171837036613583,16.54123687207556
2025-10-30,64.1746704341196,61.958261827928936,63.03009801654489,65.19384201224388,65.24096620640086,61.42320396000646,10.151607446782018,6.718641093293126,9.71939870441538,11.311753234937125,6.926987974823184
2025-10-31,73.61328299006217,76.28303198775768,71.87285203555385,74.45929086511275,77.71199995995937,75.62270728409018,10.511491705121292,7.768202417213526,8.478442980756087,10.694094047240629,12.283768012109554
2025-11-01,67.16998943870135,61.66996594518205,71.27775383096697,67.64914262474765,70.38973764147934,70.34633145917209,61.80796086090923,61.385823521138846,57.15523774143084,64.4807244678156,58.01919646905742
2025-11-02,67.60628900758253,67.52203741080359,64.19058688843367,66.507563915148,65.96586473886465,68.20068396099016,10.592736766154223,13.440244916768782,9.875825752480601,10.732913716571357,11.852011972205402
2025-11-03,66.6927210950782,67.69843715628804,65.55450759812068,65.9421575954567,64.41420111085885,68.131046170308,17.39463290757305,16.323518748175463,16.41349123780132,16.270221515132523,16.97946421728697
2025-11-04,64.94168754869783,62.09921114377651,65.93788329619105,61.731807078920085,62.778133878143464,64.73242726101144,9.099579146822526,7.5847175973169465,8.799776917505765,9.214973591154095,11.742211552429335
2025-11-05,69.1054925775992,67.22692248093449,71.74904260672521,62.47536420972865,63.95430673227305,65.7026512181605,8.04876089587002,5.686187282524368,6.790964987785266,9.497095377624348,7.3847719781098675
2025-11-06,64.30378741684467,64.34992436096098,63.16306274905406,67.61599924469083,64.40077811523139,63.84858614158315,11.589079398716327,11.65015238870703,15.247738725770883,8.042664583138233,7.569999288373394
2025-11-07,69.40100602564688,72.26629516397131,63.646707224135504,69.87278133600277,60.687612835915616,70.97012492453756,2.4228440991925355,4.781362768412787,3.4575186885598166,0.992347061557354,2.046771527419199
2025-11-08,67.38236702152851,64.28375933576734,66.932054356772,67.40100108839387,69.15661354938767,66.9982864175788,74.66311854288982,78.668484075707,73.66389189564687,73.27476507111912,74.98243967398567
2025-11-09,66.01842780279772,63.44307798167366,70.07451323133986,67.21377517137135,66.23407060995434,68.4207240830165,8.884861290121297,9.45566004356467,8.757607615226572,9.706841695876298,8.620906006057718
2025-11-10,62.249859562097306,65.62662287521835,63.09642178438859,59.764667197716356,63.66417916158183,61.073314878504554,7.023060201891717,7.303047687164586,9.852345536882414,8.077633281275617,8.173275843871258
2025-11-11,63.473356503377865,62.65443030361836,64.18261009045766,60.47016986322457,66.64440535222226,62.493584021025384,11.523273010934501,10.436326796427416,13.436518634405484,11.72572846660429,10.394496813523054
2025-11-12,69.6988575739868,67.36624045445187,66.5098035992558,68.84780349295234,70.29524133900335,72.19221756796851,10.161965255337378,9.408832012355356,7.3695416265873135,5.204689017081532,7.635158930246165
2025-11-13,67.98645766859752,70.17251206024827,64.48944289773154,72.09075311388897,72.8811728815618,68.65201521900666,4.592773277517349,5.851123459618755,2.64419215586409,1.2889369111337747,2.5934755088889014
2025-11-14,60.14947817938051,58.68488718768377,60.203603125282804,56.64325509390113,62.01531561223714,58.91431343591373,8.060411436422687,7.430660772296528,6.496717688376005,7.582547793508445,7.028876747363611
2025-11-15,65.08484274040686,68.16710734642318,60.80570597356263,57.203646669982355,62.81346219995871,68.18625886843273,52.39565847540194,52.07109358106711,51.51625857353032,51.392719628684986,51.34696124290523
2025-11-16,67.89172084707484,65.9005597161357,70.23580751416237,66.32751757161859,67.1785877206372,65.82551369322326,10.87980794240051,10.82911339289966,9.688961536648424,10.890548700072515,15.69205265840705
2025-11-17,55.33017439964695,54.85139071417196,52.790235653047866,58.7582741483525,48.54630131939654,53.1493275225949,10.849898255320472,9.66824203350552,10.917916765042627,9.911101930449522,13.36010908848664
2025-11-18,65.93236449241454,68.76727948858073,65.85839265022005,60.734732419351474,63.22579317099804,57.444018059222316,7.6201543184989795,7.470195800343877,9.091596940536755,10.683439250797054,8.99357272719611
2025-11-19,59.43689140435741,58.758108790836154,53.77959064809468,55.896040592888795,58.29390218655724,57.77498575862507,11.62033813504938,7.581525877467777,13.425658713814352,7.032454965356337,12.512363156506455
2025-11-20,65.13367210743444,67.40183207367038,63.95226650210392,65.92431232916894,66.77249293610743,69.05982214420128,6.152504136635433,7.250175902672358,5.498909450836852,6.757759399695062,6.752048607839706
2025-11-21,57.99141251698142,57.794769696638404,54.433830875590814,65.70113362340743,55.74032943135599,51.7745344584641,7.100448922195021,11.80399260013913,3.8310618846862288,8.756469734521966,7.710450012614478
2025-11-22,52.30682845279637,58.251903871996454,45.34095920077094,48.23219344721778,48.568036410993074,49.451068032108715,100.0,98.89591276967387,97.91918011625651,101.4030769167168,100.32657210616027
2025-11-23,52.713699732477195,57.42003554478574,54.33922600048615,48.52289745807332,47.051104023452815,54.0309054001477,7.93399973511117,8.68167402511451,6.89445015585111,9.50854571111354,8.014237899984327
2025-11-24,60.608794113428914,56.62450532612767,65.53227273070364,61.62488921994647,58.81954155764896,53.87419379175073,9.812029131392666,11.515181771885036,7.321960212889952,11.674260948174535,5.628300942290932
2025-11-25,61.180866975343335,62.74759801908736,64.56928774337517,64.79489029532445,67.03342238244713,59.64877113481404,8.309052917720972,10.869483463155895,10.5907708911242,7.101093144506525,7.570798371575985
2025-11-26,54.87162810255278,52.42241614424966,56.9167001722642,52.99933196557565,55.68494920724388,58.29421774938502,8.767206531102447,8.238563553622088,6.408124413940992,6.564239017148533,8.286604920805951
2025-11-27,62.09434687209158,62.66886768846977,60.85198336825494,57.23016440372507,64.91308510915711,68.22342427763854,8.898327352135022,5.291692844757583,10.132453441605428,4.828964006745677,7.400381157594931
2025-11-28,50.099319944631695,50.30443183256248,52.516990630275174,51.40056760729073,47.39915724663895,50.970059641632794,7.879729728345467,8.414193630042993,4.515969018300391,7.154524060986076,6.767535855887862
2025-11-29,57.57956578860366,54.413404737326196,61.251125384324844,59.424089980512576,52.859216508297,54.80016473388031,98.11031612741102,98.36757350871989,99.42471833000313,96.55524987950132,98.71181416177262
2025-11-30,51.35558441561583,54.5310380462068,51.76604990462971,56.69154979523057,47.69235202335163,48.475198199670984,8.116214539738152,7.424881790386147,7.837677126402981,10.439432167052427,9.651394693638071
2025-12-01,53.64998956790758,54.25989839861481,50.09690905097151,55.62083090488042,53.35859624043467,54.084713475900294,10.047060141386806,9.780035895618125,13.072121545991909,9.471943921084536,10.645533065223688
2025-12-02,56.64262081977592,55.78857171275817,55.14446792400181,59.12681904889306,50.66023428933815,57.485510783271216,7.81380495587679,8.101165845912252,5.55067974278413,5.752993481421674,9.298693433170703
2025-12-03,51.59811986738757,50.28379039465678,56.70620933243138,50.811684435783846,48.57834861815825,57.17190614756231,5.397104120846624,6.120628105054324,4.268874519623434,3.0200332129244227,6.917320182476004
2025-12-04,53.470219850617745,53.88955075991645,53.24598734616725,60.79473287712615,51.711137792703866,56.38263440822936,12.7373057477775,13.376925168257335,11.99644054495662,16.71494585534509,12.137894560721792
2025-12-05,59.915674434227725,61.13944948677058,49.94140727449444,58.721248402462315,55.95289851603782,60.1679938978932,11.498580955286226,11.063209636283968,11.193580814985602,11.45440832530307,12.549195880290526
2025-12-06,51.48951655998047,51.11458920090568,47.08274616896989,49.65375019574516,45.118467508005985,50.483894800202215,58.83738677481831,59.60594444479022,58.14542511301333,57.274377848270426,55.34464181557095
2025-12-07,58.04090588390313,49.5433471715745,56.767559774475686,63.46945063945895,58.9098669785324,67.08504101180976,6.868081480005225,6.298019783455501,6.214724348187251,7.116165095549268,6.0994310262876805
2025-12-08,47.70123594036276,47.75190808909021,50.80871165561546,43.27852410367653,47.838850275016455,49.58102034035044,9.373118538003908,10.657169541074547,8.686993451232581,13.166896850334048,8.369415359071308
2025-12-09,55.48512338409242,51.160677199263084,54.66575632687168,49.942898230508675,57.822212986982805,53.478868243359784,9.614477557432583,8.359591886479581,5.47211779227165,8.83511627283347,12.677131162061048
2025-12-10,59.52943748029338,58.901079783346155,62.69273244521316,59.888108254088834,56.198160232536054,58.85556870951895,12.968108314846393,13.114224699145518,14.954777318061929,14.342129733742787,13.642282900313756
2025-12-11,39.448175820337354,35.23448304912843,37.86968875969489,39.44296625051027,41.72794404947977,36.815811600328054,8.478676317602176,5.231199153367717,14.200949452869544,10.851598392262824,5.809768155296343
2025-12-12,47.306190712783554,43.05669780754515,41.41331314607672,46.622526768131564,51.89410329624421,40.092542135232385,6.486874437472436,5.747053498558142,7.083416646674412,2.704026653772623,7.676042047023551
2025-12-13,53.659913842716676,57.36527930856226,52.185230366922426,56.64170311408163,54.44655803942724,54.597866816338644,88.90218655116743,90.03716399342738,86.63068485545084,87.62536171382835,90.72175324136975
2025-12-14,49.24298297644569,48.28270703361252,50.277817981084546,46.518364429579975,47.41317409310571,54.59034562611763,9.050049912216316,6.982580178800179,6.9809726505197425,11.172223168534043,8.870722069137049
2025-12-15,51.59751946019591,50.40753298073016,52.383370508219855,51.79002083706993,52.032761408723644,46.705847853454,12.635930529178129,11.995729576477961,13.862278532961264,11.237323650973117,14.016442387423735
2025-12-16,46.20552085960695,47.653093006092725,42.44019761183704,45.12520300169239,44.232158691720215,46.371308647244,12.286595202376635,7.476456102556216,13.057534154073121,13.115846000911201,7.295180434811705
2025-12-17,49.14228194722858,48.03051037801123,48.08869334181728,46.46862644690833,46.66943127419233,47.02156760981579,9.9103285782931,7.174180361229121,9.341748357186423,8.39336538004348,4.511683879428501
2025-12-18,47.41521550206583,53.726633778448054,55.46923821625805,47.229695250183774,49.46499667057581,48.979723078775386,9.477058884895756,7.264109772667952,10.983867626654128,8.585955077871903,7.119720412300712
2025-12-19,53.51731593129517,52.69825664911711,49.81750945240454,56.07510334118048,53.10016497193357,53.00032546112148,8.825305581010586,9.028807682553863,4.697535487501603,7.690577969796372,9.12338498226058
2025-12-20,48.43600172199013,49.53137795793916,50.41817190538138,54.79770608328163,52.051288682340214,44.35583775873733,96.21683648447332,96.88365450925875,97.72496073893556,97.49017679186498,99.28116402369041
2025-12-21,48.33824309672518,51.25106709085576,42.04821600101579,50.07650004542209,47.01097412899447,45.39493195487597,12.589300678511893,12.4771895466315,13.06482300770168,12.992460906911079,10.336445300746382
2025-12-22,44.07816984581021,48.88492952263094,46.669545319519194,36.545664841605856,43.054646103800174,41.58726824985759,7.610679456821261,6.845492691046505,5.618783475254796,7.8083983468433,5.903324640245387
2025-12-23,43.18799297204128,40.96197456506836,40.51101680147594,43.07357271571633,41.48845998634686,47.2209475960029,10.326536890627361,9.568333393929867,7.459889033865992,15.341527366345028,10.503749672076859
2025-12-24,42.952998672746396,41.69910816123046,44.159263447355215,43.102407045454896,39.592448356684784,46.83277650353685,6.644105715403577,8.076197213484566,6.886760280894832,10.12350052964371,5.659468125445507
2025-12-25,46.579263140124645,50.40303876600519,42.70468633482004,49.387890168864494,49.02253783597442,45.64521947878655,7.017681300873422,7.443320994639528,9.83215757440895,3.055194059765861,5.919299762279774
2025-12-26,41.99489090209138,44.42507781424945,42.8674493026215,42.549321809560595,48.55202589593384,45.67830120244542,9.907183008533128,9.239291815922403,9.45099654453906,9.020363662096031,9.064233333670543
2025-12-27,45.043246821288186,48.26877462829356,42.31729593406387,48.80251357319442,43.89656510558973,44.523695303099664,53.148293231485184,55.7348922219677,51.4429231990195,58.00122058069917,55.77787021452322
2025-12-28,53.46783388630884,49.361720255629834,51.32268933740896,54.64284573315465,51.42634605528382,52.487845610958274,16.181675849848155,20.081625931840357,16.56425237012066,15.03249578847207,18.4139444273244
2025-12-29,46.944958102730425,51.58895736450248,48.27091612191552,51.62135231122409,44.70898765160915,47.11631162438395,6.420820135269291,3.929335234801951,10.062563755516239,10.59631210701958,6.467758779854523
2025-12-30,40.45991755732057,38.17569492746616,39.168761128129525,39.14367979717569,38.42071787451943,41.31439339319148,9.87973446203034,10.924754602451364,10.742334088157772,9.02708083229382,13.188695009869628
2025-12-31,47.59914935484325,48.176028289268935,48.740293699492184,48.03217975673333,52.548500413565655,45.932814976248245,13.504653165450595,19.684432380823367,14.58345714186941,13.036658024357468,14.522709873586546
2026-01-01,39.058238556687556,38.613569923912245,38.485714600757504,41.538163162857245,36.90279699740788,39.12383578323422,7.411283983748504,7.971695065848893,9.856881255689615,9.138426702020128,9.719072252825486
2026-01-02,30.416166096035926,27.780717586391717,30.618647139777753,28.699583885155597,28.660365693367307,32.778133612975495,3.0919090313658506,3.322794303694404,4.037023830133496,2.911494681350179,1.370815886268593
2026-01-03,35.077313978677076,30.83970668841407,36.41257339273728,32.70727557243385,31.35625122222416,35.465932896295215,77.06242424725745,76.95095636747023,75.50048483293715,78.05167352640602,75.75507013976134
2026-01-04,30.277671014748748,25.046126664850053,29.227615650975324,28.389614715688694,31.158617336337958,30.40601972112171,7.375538859771643,8.355901894753126,3.8864089559755706,10.52543625838692,6.046774276779706
2026-01-05,37.39102065790047,37.748075876062394,34.402871299895146,35.143373806633704,37.18933197144751,38.87356130074286,3.1708794742239927,4.680677807323758,1.327573234667468,4.688481342175531,2.9974349759409926
2026-01-06,38.760852939828816,34.18489566912845,37.16391614203945,40.3285387024548,35.349316612421134,40.76097112240464,10.854669677716597,8.365135929378232,8.645217067521248,11.137733942015997,10.97449615189912
2026-01-07,46.57447826168243,43.173031476421784,50.159895801182735,41.07005417277876,43.89598946972819,46.38663080584366,10.621281586698855,10.568314330121197,11.93989782572151,13.968335270134041,11.269636203892846
2026-01-08,39.35395810435215,38.69985046975749,39.7024773565818,34.686048025398435,43.95275821595882,37.93141493311771,13.426979363615056,8.887983634620237,15.023675466313271,15.180354315365253,17.373189099778866
2026-01-09,36.1544871568691,28.238061656089403,33.619791796637685,41.74272663394089,36.25261042567541,36.722097067291806,6.637532903438838,6.218899670195838,6.988677026869814,5.1704465772441415,8.080089161936934
2026-01-10,40.93146437540261,43.268403511534615,42.13614620056577,38.756174212480076,41.236520561744506,36.14957318593272,90.97700542006105,89.17162823241691,88.4396214663747,94.93715588694909,89.94742202106174
2026-01-11,25.267122649706835,18.03745814838641,26.67206940452425,25.867167203222078,25.58408412478502,24.63615666319527,8.779830750860249,9.458185909131217,12.35302479871364,10.064561934960606,8.773281992748602
2026-01-12,37.0432875603269,36.811170386328584,38.603284787720334,32.57584830662952,41.227163724960434,29.62860783538412,9.734972022972714,6.422210968690663,8.902551595293538,9.307618485232991,12.744856401203124
2026-01-13,39.266144756174135,39.311202435957,36.33263315506028,39.54851755954196,36.130501669212,34.23876940586463,12.764048808959489,11.7394141880413,13.971010829562562,8.722413639787593,14.327808494167732
2026-01-14,27.569814367727545,29.183999528272974,25.52264138486986,25.412794364683332,26.38062780719818,22.091256819477415,14.231704015015477,16.164792516056703,14.330353688414595,11.476551254886143,17.2152683418636
2026-01-15,40.23689848555905,40.11185607838937,38.20641083639802,35.54762999107781,39.73000286557152,43.378953712918204,13.643437401722041,12.29077109883354,14.060764368221871,17.043707222521917,12.678070874427341
2026-01-16,35.770580592614074,41.82430448411379,34.6886368564155,39.78134190530821,30.6070531167449,35.81252604052205,10.829631000677999,7.019759445842228,11.965999007358795,14.3089615046189,9.406307923525388
2026-01-17,31.566347274276477,32.21529791898198,33.18310482970768,35.114044455459094,28.817922724532448,27.780200204627473,54.095796689802384,54.610862996060355,52.70375636660048,54.266364827268866,52.701707287083536
2026-01-18,36.37623145822616,39.537068655957135,37.264785872419196,36.05416708608411,39.51625594006897,37.84942958856223,8.078519695692448,6.9054617095071755,10.68932454822278,4.538031343741475,7.274546713420177
2026-01-19,44.14029625189223,41.96990782528137,45.265947123363716,47.138553349925964,46.42093674088258,47.10625968999179,10.50518557742574,10.133414705279947,7.346174743251194,8.331235070124528,8.378619557884754
2026-01-20,33.275773706518294,33.638044125086694,37.33783113363286,38.98565176969977,36.086974331824386,34.80123037496041,6.426129582136582,4.966390409211398,4.349016970064813,3.1785928780374264,7.016515705553422
2026-01-21,33.19238103475403,37.83509131984081,35.259053832228915,35.454608834228296,31.425110367159824,32.62625064927627,10.18805619066062,14.136849679620678,12.772914939334784,6.8678336708330985,10.812830677483909
2026-01-22,29.244657503398983,28.531572129330062,28.81925262841072,30.68369672192887,27.847571783042472,29.942117358657086,10.265940092194038,7.149794620487011,11.44594961440298,14.319544830067848,12.943496033036162
2026-01-23,26.887893714801013,27.464598007386705,23.336238186643513,27.484742804250942,21.523697229686917,29.59238331422921,15.166385817054909,20.833377040843455,20.247168012417777,19.286221633883855,11.645860815894892
2026-01-24,34.8900376856243,37.832598033036724,32.74639666021169,36.838529780202016,37.68584131257323,33.482300172636336,84.18406477787126,83.40279171636855,84.32076566517752,81.94237047074012,82.29580966494642
2026-01-25,26.06489015418314,23.838201593608236,25.279774951148458,24.97313197371423,29.354846960481428,26.154490923956615,10.27012851295986,10.63702166539613,13.670987105878044,10.25265856116466,11.881289462021313
2026-01-26,30.315915259690957,23.831234259733378,32.8033047416993,29.486007652206617,33.567678159297785,29.544336125871663,10.710884247136129,9.561291411927161,6.995926681809322,8.141291927272523,11.077830484559263
2026-01-27,27.188510481863943,27.95523144300105,27.106514679545665,28.54118460750149,32.000784242295666,22.348262923906486,8.635539052334641,7.402271932623733,5.808509105940251,8.605062959334468,8.72514396511052
2026-01-28,31.596462322122623,34.56246983019663,29.627874457457292,30.174867711644037,32.86278810259234,34.346166864055526,7.592521800365058,6.0228619934997925,9.383572875199006,10.871129567103251,10.1202294801853
2026-01-29,30.500802223219402,26.446464928543488,28.302123566037725,29.403403204838895,35.17144773285948,36.67261781820143,13.896433974541157,15.098949898628428,10.415698323312187,16.053872076147186,11.876525569188837
2026-01-30,33.657392311010646,35.668052002842664,33.44865768424697,33.65795230491557,33.05596848353701,31.036008447287077,7.057247671119107,4.235648283864995,6.662512457100129,8.674573202113681,5.599788885811062
2026-01-31,25.56319138313166,27.594090545150273,28.23315406978296,29.015014034910866,20.26216028811501,28.451232087790558,60.88369615356572,61.61191324205106,63.21811432086004,60.495336679039994,59.1906724646785
2026-02-01,26.41396499807527,19.593476220729357,31.187022915400618,23.015973737396326,28.99613902979562,23.887983658790468,12.040796137886442,7.671810667782824,13.04313866686378,14.564730369879172,8.01498005009973
2026-02-02,22.52617659512822,19.717310697907905,21.908870801039217,24.803712103244003,17.114509217102135,22.924540040359414,13.47344452607203,14.020502068355556,13.495634966711188,14.766782019238692,13.73907959290456
2026-02-03,24.86187531590318,23.674388973708194,24.727645773615386,27.23726455431359,25.372481464383277,29.38591213727251,8.645771027198084,10.344056239062466,7.747556089539453,9.453602189829523,7.60006585312551
2026-02-04,28.639981224213034,28.101109223507322,24.998156105740886,30.99741725210346,31.505952630585803,27.0786642680367,8.691839537050361,6.142801322435623,9.09629128623429,8.461020860650791,7.226037920066807
2026-02-05,30.215447430865332,27.98604463656138,36.03302513816373,27.795208290236864,31.188223818970922,30.17138818768971,10.84763057832038,12.205115781757868,12.00212732307144,11.484376457349713,9.020780325685775
2026-02-06,21.503687465633416,19.11267905488687,17.300678951165164,16.425642619100604,28.33841667738024,16.099178476109188,7.8764419697704495,7.979212791019092,6.554653295798084,8.452945125509101,7.840948584933662
2026-02-07,30.15363121089998,35.16807988444626,33.668618146241634,31.83273262813425,24.255844228459047,28.161018179061287,93.87467220699061,97.07152511770629,94.6181442630147,92.79180891684209,92.27759317787309
2026-02-08,32.28204775064727,31.959370355070547,31.18603989160986,32.84466410388916,32.03346573303953,26.563230784645157,12.638777763959098,10.928364999336917,14.79563925235652,11.088944696504564,13.081912819175576
2026-02-09,27.276548554401227,25.19141757395201,25.47844907288027,30.289678458690624,27.328914950159195,28.564082914026223,11.821393302350856,17.453365109796316,11.37643703575114,9.827579381690075,12.739753637020582
2026-02-10,34.306214680231236,34.182706249493584,30.976203964573457,32.204604196202624,30.273906231683995,36.80112735708597,13.933476658954316,9.15191235030384,14.06972235923562,12.06775043536713,13.344321377954325
2026-02-11,20.773582283890264,22.384854783073695,28.003728232111662,23.053937412659348,17.312383911717408,20.10867762417785,6.242232962903514,5.583225361631262,7.20979063090907,5.866027211813411,5.517297683384663
2026-02-12,18.14706139094811,18.301940521081733,18.811536260783292,21.310297727606343,15.61167555846831,19.004722292718487,8.492612539268151,5.095473118022285,9.59528097144764,7.787242741276988,8.863594539905131
2026-02-13,15.212134913981279,14.594952141497359,15.27597622529347,14.926205750833226,11.913193031833492,14.234943548229937,10.843538686808358,14.545647040507891,12.600445832805237,9.602071193603244,10.785839246539823
2026-02-14,31.329031996166254,29.378981990154895,33.98922907482988,32.579820505960704,31.00504804567465,33.55066809378956,95.7760497089453,95.25264772131362,93.7472997969814,94.38648675947496,98.43636841965476
2026-02-15,26.871462162564224,24.885069626161428,24.918963985674335,28.01736153513651,25.062567462107744,27.25984796793982,11.925062311463948,11.581692156725383,10.867217306693329,12.50882236369658,12.561593386584358
2026-02-16,23.08035696656294,21.28693180710686,23.085894832255956,20.615948379473988,24.034082118849962,17.12336689915226,13.673881261678996,14.560357457849422,12.690123877579689,16.429096156027608,15.865053262227615
2026-02-17,24.52466440955183,25.54110821198404,24.693673269988192,26.11795421640565,26.472955808161018,27.34460686383029,8.249926083317956,8.240315710663381,6.442101752992602,8.228094721171058,9.470948088035984
2026-02-18,17.27188069376758,14.28934041656222,15.735443496723182,22.139375716470624,19.01721757292425,16.10325231001812,10.1157758206811,8.92825270787843,6.518947977965469,9.96311422059956,7.478939540428321
2026-02-19,34.910620995257645,36.09042866566831,38.50953523281539,34.97723279888555,33.68024225970338,31.099482581632433,14.36685607024335,11.853561568985253,7.857898187647933,12.49708268481661,13.250326318632052
2026-02-20,23.118597128094336,27.357581394974826,22.462633893606625,18.735822312139362,23.972024016487754,21.801795211062327,15.397814725056998,15.734841529723857,17.78872014856296,14.951675101475583,15.301619878971682
2026-02-21,22.818252307231667,23.795374380671266,18.158856147125178,20.756572714489636,25.923639055761868,17.11204336159235,99.45072820885291,100.20839547423186,96.34294219995782,101.83140089007165,101.18761683004477
2026-02-22,25.707115188354084,24.598358601602673,24.802623097791464,20.3688268417992,27.043808932186554,21.957447254636953,11.780287519580828,13.171041992384286,14.913305772992643,13.855209726598773,15.635913514457972
2026-02-23,24.298605769820632,20.40422511465674,25.046141784962323,28.169389156958825,29.875538853150893,24.727454600166798,7.438790395945265,11.26424409655831,8.91760937317819,9.374737884493936,6.470496134170844
2026-02-24,22.83658581968303,27.570906243417575,20.156106118020205,25.128901708667314,25.783122779983096,23.51672087870473,11.077628201373523,6.730090392545539,10.266251441761016,12.949365859813208,11.188140397946876
2026-02-25,17.596780322408296,14.086727370611559,15.152995942896979,16.092672507404842,22.75200154035368,18.5160968251738,11.670462522324994,11.535028127619585,12.903306731954462,12.543927633454665,13.270285085701769
2026-02-26,23.74691188676662,26.292597990193862,22.108134772388496,19.49273212085981,16.269882502976422,23.75654149005711,9.368889524316863,11.752365195959719,10.219156017744305,10.171303851282854,9.25323450770508
2026-02-27,30.648587972756285,32.564141554539745,34.31229495295717,28.148703098028815,30.93861633617698,28.56999260234025,8.215671236333012,7.966626387455283,6.012122510453464,8.70517188970256,11.503864792037934
2026-02-28,27.822983773850424,27.112677964958245,26.361509705913306,25.908152876758983,26.851186270993768,27.65960635546873,69.86681781244262,65.19047290505608,69.83686226518336,69.0330472523376,67.1712438620176
2026-03-01,28.927799642475065,28.13886323113303,33.215150698128156,29.25602243953524,28.55286045153242,27.61617730163141,4.7868107348461235,2.204731585146282,2.8271331897631393,4.954209532077142,6.142850565780109
2026-03-02,18.28037571897224,12.773241896849179,16.435524404527236,18.50765374856738,15.865497458659823,13.40303092474669,4.156349460036511,4.81348915939115,5.464605464378695,4.587548827448244,5.492775968908787
2026-03-03,15.771659379736057,16.761854382173922,16.746701788505682,19.795955305857163,16.960257580888594,13.454414406704293,11.738327718601784,12.322722308368466,10.307885815003008,13.004664925233888,14.042405115229244
2026-03-04,19.98265465013706,21.842433647324476,18.643926627477807,17.904390077042933,14.557585352884823,22.651278343644133,10.443097975680331,11.788137372362373,10.249838903286987,10.64361094977065,10.56720067332632
2026-03-05,20.790828002044012,17.5235876536006,23.05307751291543,16.266264438982226,22.001138590657884,25.555710458208846,8.54856660537671,6.986548718280341,8.268968767355211,12.758889367321546,10.331609042188369
2026-03-06,25.89251309343983,25.425048670452522,22.53769062974399,22.421577668012954,23.57737943289821,27.846338225795897,9.005631106826083,9.525397576664679,9.248789107904846,6.58600671271026,8.50735261434696
2026-03-07,11.877349144455692,11.990934889482544,14.105927583187388,11.808274581116189,10.376190874094391,16.508442427432932,93.73354417405712,91.84181755826447,97.05865433628516,95.24249557359852,92.13076163353193
2026-03-08,27.91432967749943,29.668047561348136,28.255937878428483,25.72829547666206,29.229834986196643,28.170495507904306,9.506310786974218,10.0262267742616,9.024389621262381,9.423823373696111,7.611904764655209
2026-03-09,19.412255029082623,19.423664257452185,17.492279578750274,18.536229392543547,19.648588212681624,24.63938328319024,5.978340459988516,6.084764854195595,8.414194743937546,5.9826330242416,3.0955360852376694
2026-03-10,18.012435317241973,13.13347725535722,17.51377086311152,16.65033457628364,21.174198051461335,24.175900638227716,12.7390006608229,11.097280620497092,13.698994649492974,11.113849096201283,11.856283077793195
2026-03-11,15.03971107107406,13.449897762686591,19.641275894170583,18.010426432189607,12.131200553536091,9.839302576965494,10.912378512009427,14.028745773534801,13.749183604082592,12.951065046506798,11.535355266123554
2026-03-12,11.788201814709389,12.462079170876446,12.20173532935174,10.027304753432423,11.546084858058007,12.452681736107888,10.797695439441545,7.386423539116771,10.120823869811908,12.10337850808386,10.381431247273035
2026-03-13,24.149461452258564,26.67404647837784,22.04127740452065,23.017435221415134,26.815780803292018,24.40875201952119,12.512688110075118,12.229446144054062,13.904960594014254,14.179962903682501,12.908620310022227
2026-03-14,20.3802014153213,18.527291587138556,16.76612156683696,22.532052158797626,21.463800646575493,19.107889968569,89.78653385857449,88.10072272992586,89.6679978133738,90.12502466821242,92.25629189334717
2026-03-15,13.552695741652595,20.115645365302655,15.068908561945587,11.857750008556367,14.829478502040985,15.028442356106755,13.641194313177525,17.309598384890073,7.662408270851098,12.991404683897075,12.606221216526134
2026-03-16,13.524883947596217,7.841464741085323,14.112419688628274,14.79452107096727,16.84901252274592,13.648259153521849,9.579871444173286,10.776667459414123,7.400184274132334,9.446748347084371,14.260464440263899
2026-03-17,18.328021444152633,16.63692091897893,20.413083529417303,19.32247723021791,17.109294097544048,16.121674682976504,12.665796640992625,11.367175890251845,13.830550532898128,13.532727941103904,14.176282638973769
2026-03-18,28.36760728925646,28.118506478778137,23.980933070186932,28.792904866139697,26.517114657889646,28.287791974145513,12.203347100462963,11.643916521822218,13.23587693302296,8.192194754623483,11.809495655312494
2026-03-19,18.748980608515044,18.146733117856453,15.232199249840544,15.345791460395574,20.47669391931205,22.362764346620214,6.883594515992332,10.606109263953389,4.293639738722485,8.629460251143247,6.444390327541185
2026-03-20,12.564536041164803,8.868109051720307,16.005173638920503,16.253858714730615,12.116241583131536,13.112150331812831,11.508701214742407,9.616149951282345,11.949436312418415,16.36108684410854,9.492441301188707
2026-03-21,18.893714795154903,20.237300038410282,19.887739735492925,25.555766184904243,22.26032549824805,20.7745790399233,66.93384767470283,63.404951330241715,67.94036812775384,67.89451776860979,66.88241374492863
2026-03-22,18.809844944443093,19.92312709838486,20.410047498155777,18.836329359245276,19.91916525578826,17.978685643605818,10.090934972483026,10.672948697410655,10.021603833007813,9.52908172406748,5.7677427060059525
2026-03-23,6.748900502754166,6.892784840698806,3.8608394064303067,3.609835882643041,4.878848461883381,8.10509253320901,9.716884749893856,10.344165484709496,11.174522025213129,9.394414240535317,12.228417100430974
2026-03-24,20.030550814790345,21.02608240456589,17.08758921980359,20.117858939765412,21.04570289522377,16.402907223340804,9.742320250846625,11.074389397626344,10.927430866704162,11.157404952714963,4.109098650812088
2026-03-25,19.22484407713701,17.95351484279292,22.198620051713277,22.194424498895007,16.51674508446941,17.725682578877635,12.438068276931986,13.78331979867589,12.36778111812257,11.921490950301749,12.521570223667684
2026-03-26,23.946817321504327,19.094728471178623,27.061950285799774,22.101254294357506,26.787602726575496,23.638811495806543,11.73373154137453,15.27514284284213,10.712081903646293,13.471082084052885,9.445753538727786
2026-03-27,29.805586366578446,27.655666756421713,26.540627905491284,29.418888814223877,25.61412944693399,25.976578604698833,10.091436550796994,6.655161570044922,12.176519734982012,9.743155116536506,8.689079246949708
2026-03-28,26.297374902569075,26.7685386467974,22.45926341501054,27.319337311805498,29.96357072515763,23.806724745892257,86.96996526811975,84.56435887882908,87.8962894638774,90.39833220136842,85.82566140227466
2026-03-29,19.43254289205322,19.92077613659241,19.106763979915886,23.041686448670994,20.39517242560695,20.371878197774894,11.483330242250855,12.807736910143229,8.720464937190258,14.85652251429523,15.334582497174743
2026-03-30,15.365452800746436,15.489589958503979,12.967407440618416,17.69172400001456,14.871769891878413,15.754948549610532,12.170840857533339,9.959589854104458,12.612636169696113,11.510501521651456,9.964339446592659
2026-03-31,33.89460088660365,35.540725690558745,31.43407024946557,36.34520479520043,36.18460333940528,36.31369716057677,16.90123025634091,13.988054309822182,14.599180837425441,16.73918258286331,18.729749345929154
2026-04-01,21.46219865390341,19.71876051755336,17.70806391462123,20.183392983874135,22.996178586390474,19.66066559934792,13.226299189315114,16.957988293885656,11.297163324456763,13.181561465558433,15.547102847849796
2026-04-02,21.382601661807545,21.46264483313915,19.977300116966443,22.588358527329312,25.373746718781728,21.55540833982327,4.3024708362535975,1.062586572925023,2.9986507654823233,4.284538184726118,-0.3743855642325977
2026-04-03,21.34767907559537,23.063957410810133,17.88359484769677,19.181789094219983,25.310864290655772,19.332076842943884,10.235288197055928,9.532744122834636,10.325034668375332,8.340430106934575,9.00458266353306
2026-04-04,22.62253218102499,22.36786272551793,19.33632947199728,25.159110480680624,23.679403513523848,24.74091782835297,57.284506821769575,57.16577191930676,58.03347797695215,55.10998545322087,60.25342500742097
2026-04-05,21.082516202123408,17.35254441690511,21.977691741822323,24.53617512448025,18.467204137998678,24.65475455019915,11.870646570704912,14.488919854631467,11.052762792222369,14.370161713800822,9.241099669266005
2026-04-06,19.11657310091104,16.232107991944428,18.95097839804891,20.776663807228907,17.492046099572317,20.566547582669447,10.985956481119628,7.248350364554686,10.25559124853216,13.165530509527962,13.3825085544089
2026-04-07,19.43945478642215,21.93201175926025,20.894090831018545,18.337223026037705,19.224514128987206,22.6230376152519,12.700685976745707,13.531636279758205,11.694198666142345,14.845727405100249,12.664952813943536
2026-04-08,22.207095017420954,26.38451150624867,17.259994711373036,21.59591363329616,25.452260100606235,22.30459460608454,8.132865415027592,6.352111298507436,10.227892689202848,7.994108681146933,8.010670755892228
2026-04-09,19.85903649877114,23.384885822243287,19.88867832826043,25.27858513075717,18.489877114758713,22.27581800375667,11.434269989882367,12.689492415067267,5.72838298268306,15.218293529861757,11.573253215321634
2026-04-10,19.225356702535112,19.92182455176122,25.452269329032625,18.173225368664625,18.106535141244702,19.451609930372495,9.248595883024269,7.43498043097055,8.631241063674704,9.203657929675135,9.933739546087182
2026-04-11,23.54322504889219,19.93382724284211,22.426407596035393,26.693207551243894,29.08827693669447,20.468440849134886,79.75462346667123,82.89923597904279,82.84459305743597,81.48037581447072,77.84334709728275
2026-04-12,21.965673519109266,21.94661884879066,24.43992053882616,22.98234831376483,21.652777984976087,22.705837685205086,12.48536354708532,10.68342351023281,13.519823647640095,9.708119518015351,11.964524480780243
2026-04-13,30.9979396446125,35.68470504046377,33.44596019093577,29.99553029923297,29.093743973812686,28.01204956324097,7.219860692523455,2.295901280743622,9.753555173657706,6.760390029527755,7.961057520483878
2026-04-14,10.468399803707662,12.323864945077089,13.063995627711488,6.434452721299387,12.798337888890105,17.485786658414394,13.863947421405815,12.286248921923212,9.79544970238397,13.55230531025818,14.217719100265832
2026-04-15,29.433843617724406,28.811411049672788,29.933828678896376,30.068644759489928,29.26544076884565,28.4315791413984,8.731564116743371,8.208963895605581,6.247065653805126,8.600589040700141,9.430015241832304
2026-04-16,30.46750721421405,32.3533829127377,32.16576516244669,30.740809814032417,26.298709723913355,32.40262078056104,10.781988499451222,12.94669624577584,11.810084780824157,8.13099056345985,9.344614411153454
2026-04-17,14.138536092133405,10.330350472286591,16.235576952172423,19.558140106511406,17.261278340555528,14.101296433556621,5.798476119175171,3.2816464580453295,8.899737305690508,7.206237974823686,7.063074538741772
2026-04-18,23.06800986056392,20.980995727019312,24.97434794550699,20.487431774296425,20.826891898466094,19.3671695884562,63.65995373699933,61.182661482771174,61.37748130330987,65.71717435960608,63.91290508797608
2026-04-19,23.2076768790468,19.955102705979826,19.855422358506612,30.091982653690152,23.33843367421553,17.512107788853086,14.339511807839733,16.260667615257702,13.563988242426689,12.851793029593901,11.178111704491887
2026-04-20,18.31814492733845,19.726860382383748,13.19599147970649,19.454576515828233,18.11372758597638,20.565186792560844,8.45607535234556,5.705625116421148,9.259003636079548,6.161392319702901,7.393332318411602
2026-04-21,21.764744791824803,23.90705529098508,17.10399416158038,22.898232455491275,22.455048312234393,26.41276757213798,6.6693298404712005,6.311362957687819,3.764333046295806,5.131446590683355,4.87832079985399
2026-04-22,20.40628812743056,19.94481004583546,19.59580815028257,18.62707172413387,13.833065909736566,18.201877005799485,10.833949194228126,10.516646827290101,11.877331713390092,11.824946532508488,9.017193008286753
2026-04-23,35.03298251441479,32.41419348419609,36.814762717682726,35.9771014370782,34.02768407801709,30.06290495573602,14.364431934975228,14.799591007661153,9.013062636902754,13.17122522515852,13.411471674072365
2026-04-24,31.26951643361402,31.210269153010138,27.956282601079266,32.688669218313656,34.64402761396112,30.294028236349146,5.6504303035572825,4.150733882792082,6.634909232486993,5.38229980428453,6.877374176940839
2026-04-25,33.27533066845267,31.815590996431247,36.04724204420588,36.087312543915296,37.07166722812763,30.463979532736467,52.70941974517891,50.85543097182979,50.71924980940323,50.56249825577352,51.4558352460588
2026-04-26,30.85918606585929,28.470673951778057,29.35236054233563,27.924219443083462,27.885314920938328,28.908239026273012,8.637431325065453,9.307220208570037,7.742236944032626,12.59600413606838,9.087547095581332
2026-04-27,21.94557851301718,22.96255956894492,20.467312879434942,26.165921080381295,24.707373241152624,23.776699612193035,7.538968526407913,5.746976820068342,8.842736422281849,7.68536578273348,7.661293662109744
2026-04-28,25.314887979681536,23.040911312125516,22.806566992042736,26.399134550997474,23.030598716404786,25.16349883747302,7.548443600173014,4.828505219934665,8.442947911157516,9.847874258626275,5.990338791559633
2026-04-29,30.737551657262216,26.03850245836994,25.083192580213396,32.562238343184156,29.613954879100366,28.249028980616163,3.7176381170086685,6.173238092712039,3.7016757083052596,4.703977785486342,3.0280078556740784
2026-04-30,22.53966228708702,18.50731887599746,23.22760467239096,21.87683550257274,21.573709187709266,24.305164645870605,11.767170842217602,12.743361604975966,13.705251945488302,11.683410732287465,13.49686928881543
2026-05-01,32.5812423393125,27.771460938864656,37.71924547782821,29.79681442447535,32.90765346842873,34.581859374539874,11.016161508608906,14.551166300139586,7.615809483371259,10.828836858830352,11.315774122491078
2026-05-02,28.186789992499314,28.929325742227928,27.998796421901623,28.404963874709175,31.1908893613719,27.17561753436544,48.75111248204952,50.319047784483416,49.15994122505235,47.30062512877395,49.84876820485163
2026-05-03,27.892587397263636,28.343803711792127,22.34069247217908,28.454474046733292,28.686341005350968,28.306336960017816,14.37158727986874,11.835299976605743,12.791247018151774,13.47066097810129,16.9165803676843
2026-05-04,33.705761293749084,34.00732157727357,36.04678972859843,29.549476489405613,33.32736601277755,35.26726694298001,15.043276944791462,15.236015424911454,16.879339882151434,13.027672281594452,15.913151053147615
2026-05-05,32.76242972638072,34.525624683820546,27.888035756071748,35.14228594187609,35.66436342549536,34.04073911933091,7.747283350659657,5.716026841223165,9.121417489931897,5.513551406793767,3.9059056168890125
2026-05-06,29.132200144199267,32.708076712550614,25.50509695323171,32.12177404588901,26.724215973498122,29.254042405095866,13.499645772931018,10.19642657949445,14.946342210659028,17.672396608033722,14.040841205162325
2026-05-07,37.13524656359519,35.35844697111985,36.420232046654476,34.94625269213181,36.90359423319134,41.43300491827108,8.281006585027162,7.386607798887195,11.571770250441432,8.838831315191047,7.044783721680014
2026-05-08,26.340377258546695,27.55980969026195,26.708907574167288,23.27262120773042,29.32772094367928,28.088419697592254,10.543349530633183,12.506415281231424,12.796044595503139,13.474784014041301,14.163954750641507
2026-05-09,35.23787742589837,30.499030903680737,32.211885422397884,34.32899329527547,36.82579606127009,33.88584037640517,82.30715238884426,82.85697781041927,81.99230972129743,80.71902787477221,83.10569120407261
2026-05-10,35.541498086227875,39.67762732501793,34.70954991652994,35.61318337718677,34.142586153893134,34.20749088313116,16.642754570386828,13.860966307869285,16.640218863411835,14.13954738545734,15.447877975441735
2026-05-11,31.45121511469649,27.71672140004202,33.59670231697854,30.658702084950484,26.912344814895686,29.776956064286466,9.111948318010306,8.147265167584832,10.313825079433759,7.156391896092604,10.244972176892684
2026-05-12,35.05760571618195,32.92736235906064,37.61414237060601,34.8748522178696,35.990180288566386,36.95396855786539,10.379347068470388,10.093613897786428,10.651696417966047,9.535203298290996,10.560928874404603
2026-05-13,27.604276971924527,25.81114843072525,31.35864623736732,28.268710064952277,22.86825136621556,25.736034291918806,7.936187837608519,4.557962929666829,9.346534481427954,8.009187701260839,4.5002732101689045
2026-05-14,38.91766687506801,34.33885388490137,44.64592283194849,34.81286005889112,38.280162780994516,37.64296960745959,15.583946791709185,17.01029152220641,11.123305942163128,15.2820735580212,17.31006835421461
2026-05-15,33.81536100222188,33.913087734447565,36.24502896720523,30.055474120312084,37.35220619993188,36.98942816656931,15.659843938268232,15.202373885750728,19.421450975854864,14.113462001294975,14.848764110134075
2026-05-16,32.57311839260543,33.214829997209876,31.92290884939271,24.406285169835996,34.363394331510975,33.148014278807594,71.88653573219213,69.10534601032802,72.00859289930477,72.06196575082765,74.72777231774015
2026-05-17,40.88303092571081,40.314789912766166,43.46097229907973,43.710666611071225,34.81206899167431,44.47862880707437,12.869321045042867,9.97497385756073,9.624390383257747,13.22009329412276,12.620459476755247
2026-05-18,32.571773420200685,27.951030524107455,33.971922122216235,32.617454482053034,33.173127933221636,34.96595304025771,8.125631359197843,10.326959249041066,6.2980446560308,9.530184214301,11.00421832686878
2026-05-19,29.51081326596988,35.460971970525016,31.029914198548642,32.65436666036535,28.553303522162096,25.98079777875969,12.483550287887255,11.721924223595817,8.22489618554881,15.424414893912331,13.333346587698886
2026-05-20,29.23358635586748,30.881278745372423,29.765242711082536,25.820372368433304,25.41243415369113,28.927187181145378,9.978871603225793,12.359575661138615,7.798401442854291,9.251084024207946,11.927118341817653
2026-05-21,40.51424167835871,48.41690780930858,37.778079371896986,40.587463696958196,41.519305565765016,43.48408879826434,13.937225865227896,17.081536825033325,13.652729007948325,16.36818705249716,12.953586884262236
2026-05-22,31.55321356133939,29.137885841680514,28.4689243378736,32.197693079689195,30.07800001496721,27.886685365886354,13.347706160096084,15.392602705807933,16.37713538508489,13.479581346952058,14.053718521189074
2026-05-23,47.20406872261359,50.077715407144524,46.91271411938816,45.51872123812355,45.7474666066951,48.46320118368962,84.29054184221029,83.22367834897531,85.11189101304988,81.23590386737473,80.83807227418616
2026-05-24,28.498616673861214,30.836438336043706,28.94534690140033,23.838333278460833,28.870752029141375,28.38090725276498,12.84347740851165,7.847783169377088,13.3091986324408,16.410019029303324,12.589403602761564
2026-05-25,47.87199817615904,47.00027286686695,45.8336754073639,53.10961218456451,45.994344583454584,42.60763194979188,12.04610335013178,12.672095959201437,9.775894307700357,16.59117623393116,9.077040266269666
2026-05-26,40.92940034818968,45.162553051367354,42.19942619401541,45.127250371999835,41.21660784978937,41.28837826174648,1.679311411259654,5.86246415081675,0.03034079995263128,2.9175043673627563,-0.6066428704465445
2026-05-27,39.87834458987708,38.662114567035744,46.12064230199465,38.73254777470099,38.09836992098728,37.36594054149748,12.402809918888387,12.332029762540737,10.908954532143998,12.582379847726651,10.621201387399138
2026-05-28,38.12776782626659,37.04509356799277,32.89477566843182,39.65845076177541,36.512383444398964,34.62481247991731,8.704612634079382,4.724981596481088,7.292355409707171,8.161802513750388,10.025454505962005
2026-05-29,43.341207585342076,32.92691790952692,45.087941018033355,41.8868355562714,46.31999689322866,43.368629612809976,7.341872637004979,5.992115644144744,6.63879888450777,6.413976698036162,7.047152367492403
2026-05-30,41.65308176185257,42.88016592308048,41.455157899180136,38.666870952778325,44.9370966709934,35.860522944093546,50.73803522706589,50.37056867753228,50.18601310363293,53.159437733360924,50.80088924577358
2026-05-31,47.85591055659702,43.879380821549795,49.207877222600985,53.33769507146806,42.72994781516914,45.83303967884237,9.594271313103906,7.398294178264312,8.91611456585021,9.559724837007561,9.24509586464839
2026-06-01,43.4109552631317,41.75879167604516,42.11881116175083,38.44484861891429,45.652173794671356,51.06447802063964,11.44017874026005,6.312270804300272,10.097530279723085,14.788058334749588,13.601619738034023
2026-06-02,44.0938634171844,41.01520450094932,43.6556837620429,43.23735232627106,48.28963643106272,46.04453059740523,5.903613933423459,5.70791239299321,6.173720265047912,5.973338764081791,5.911697849069781
2026-06-03,42.02880394287211,40.930109324917325,42.417305295896405,42.28177542459881,46.70093439508284,39.38452922437005,10.569543508637393,8.99979101592214,9.940713941903843,9.744850121790579,11.06721766614015
2026-06-04,44.06847058609734,45.40011127674965,43.16356893549156,49.0221803221592,45.6296097637527,48.28096840639853,11.730274198579215,15.275657520379045,8.53913970613476,10.52767326955575,10.589767812923036
2026-06-05,46.40021451901596,46.433639208162234,41.83859056690626,49.08998048172401,43.228020945784266,43.42408383668456,15.585417351008894,15.787484326974488,15.654180995524765,14.097985180419899,17.884235938341387
2026-06-06,36.81989341678841,38.94881728830583,36.11814832485505,31.803144093086456,38.709835937831016,35.158807957381995,62.534446383855126,63.47360417765191,62.300918388291976,63.56273803666722,64.98322495746093
2026-06-07,39.140709726073446,42.93759833283034,34.89140884148486,39.1324590029709,36.53295266042569,35.69415549628558,8.951163439666589,8.712991152674471,5.791908534556237,6.362176729950566,8.87738553352878
2026-06-08,50.110079123132984,49.00369131309948,52.06965845487391,50.17325971822608,49.08118362466302,50.87831875913105,10.784988918089438,10.972455524437143,9.602386024696361,9.148313951416931,9.616398858728475
2026-06-09,47.76127626721664,46.325574541168294,42.16464096398227,47.07626126131831,48.91052273835109,51.867165133508024,13.442227990574818,10.137629413850531,14.636373112597536,16.091193242256956,10.210275323140706
2026-06-10,46.50113935611317,49.3743223170992,49.58710249448084,48.360566678704075,44.08686131625696,43.5041206584336,9.087328356484559,7.00699574604198,6.8144284791631495,7.178229734835603,7.350135495213142
2026-06-11,48.02809686125736,51.13923872747715,49.3167858618678,43.800776077989426,44.588895941104006,41.84676774903009,13.595924115973153,15.773153518611856,11.111565976516166,15.321333959953186,9.261743992921637
2026-06-12,50.18931851011072,52.41109111441987,51.489484357312406,48.963410772500715,51.58663846558319,53.46221853366898,4.187913050570621,4.606836990031014,3.538145806587143,0.06188942756898985,2.3666280103946313
2026-06-13,46.26855324977078,43.412016829552734,39.77562364622726,47.70500949441001,51.87022586270773,50.929954753033826,73.21452003940121,72.41750620363618,74.46038457902513,76.11469412375271,73.92846023419175
2026-06-14,45.592075688313344,46.860040884818154,44.606277374038676,47.630802743795265,49.32177867975174,39.60683428906914,11.045933033002662,12.018275515934409,14.666588214448053,8.505469354947568,10.945133131804617
